significant_wave_height,wave_period,wave_direction,sea_state,device_pitch,device_heave,power_output,efficiency,mooring_tension,fault_detected
2.19,5.36,206.0,0,0.39,1.83,183.26,78.46,34.98,0
4.78,5.22,290.0,0,1.87,1.05,84.47,21.03,47.34,0
3.79,11.16,274.0,2,8.31,1.45,197.81,76.86,38.13,0
3.19,5.25,55.0,0,7.67,0.87,128.7,42.12,14.17,0
1.2,5.45,54.0,0,3.51,1.26,63.09,20.61,19.28,0
1.2,9.83,97.0,2,3.77,0.68,287.16,61.35,20.97,0
0.76,7.05,130.0,3,5.34,0.6,210.37,78.83,22.89,0
4.4,9.99,147.0,3,0.0,1.16,269.23,77.94,38.27,0
3.21,3.59,245.0,0,2.41,1.0,219.01,29.66,35.2,1
3.69,7.39,20.0,0,2.08,1.16,139.25,30.87,20.16,0
0.59,3.3,12.0,2,2.5,0.57,178.17,53.93,13.38,1
4.86,3.56,141.0,2,8.06,0.73,218.94,58.24,18.57,0
4.25,11.16,251.0,3,2.8,0.17,290.06,64.37,59.22,0
1.46,4.25,70.0,1,1.92,0.1,113.42,30.86,33.43,0
1.32,7.79,231.0,0,5.04,0.51,268.74,77.54,53.37,0
1.33,6.7,94.0,1,8.66,0.15,281.02,58.32,52.44,1
1.87,6.13,319.0,1,2.41,0.21,217.6,70.82,35.58,0
2.86,11.1,322.0,2,0.79,1.63,282.82,52.4,45.33,0
2.44,3.2,107.0,0,3.56,0.08,149.47,44.86,19.64,0
1.81,8.97,83.0,0,7.48,1.32,288.25,78.63,44.42,0
3.25,11.67,148.0,2,5.51,0.55,225.7,54.93,23.62,0
1.13,8.04,87.0,1,8.17,1.74,60.5,72.01,51.6,0
1.81,11.43,242.0,2,9.6,0.97,276.72,77.2,14.19,0
2.15,3.47,297.0,3,7.93,0.61,171.12,60.52,48.66,0
2.55,6.77,242.0,0,6.04,1.04,165.08,52.94,15.0,0
4.03,5.34,297.0,3,4.93,0.76,191.62,20.21,54.06,0
1.4,9.58,143.0,2,0.4,1.13,87.35,22.4,25.21,0
2.81,11.83,56.0,0,9.84,0.23,167.29,32.05,42.72,0
3.17,5.31,266.0,3,3.83,1.99,257.78,31.16,34.38,0
0.71,8.89,130.0,3,1.52,0.85,53.87,35.29,28.32,0
3.23,4.78,242.0,1,6.67,0.7,118.23,38.3,42.27,0
1.27,8.09,97.0,0,2.84,1.42,50.61,41.6,57.38,0
0.79,7.18,29.0,3,5.86,0.73,153.93,45.23,12.06,0
4.77,11.75,357.0,3,5.87,1.67,232.08,25.93,55.94,0
4.85,8.48,56.0,1,4.46,0.91,249.69,22.54,40.45,0
4.14,6.15,356.0,3,8.36,1.44,286.3,60.44,50.37,0
1.87,4.03,352.0,3,2.65,0.21,202.13,52.24,29.19,0
0.94,4.36,286.0,3,4.49,1.69,113.66,46.65,33.59,0
3.58,5.03,237.0,1,5.38,1.47,281.04,58.07,53.44,1
2.48,5.26,208.0,3,6.64,0.42,243.83,69.66,30.74,0
1.05,10.66,312.0,3,7.84,0.29,193.61,45.66,36.73,0
2.73,8.05,104.0,0,3.95,0.63,223.91,58.47,11.01,0
0.65,7.71,168.0,0,6.46,1.95,281.08,77.21,17.93,0
4.59,4.03,223.0,1,1.51,0.51,228.1,70.38,42.08,0
1.66,10.74,148.0,2,9.33,0.91,142.09,45.56,45.85,0
3.48,9.51,154.0,0,3.83,0.06,228.26,58.68,39.13,0
1.9,3.61,119.0,1,7.3,0.79,60.07,30.62,17.17,0
2.84,9.37,203.0,3,0.2,1.14,146.6,53.63,32.27,1
2.96,7.89,306.0,3,2.05,1.91,151.58,78.88,27.75,0
1.33,3.74,73.0,1,4.87,1.03,91.71,51.1,34.78,0
4.86,7.12,336.0,3,8.78,1.64,55.77,75.66,53.52,0
3.99,7.36,248.0,3,5.27,1.09,83.35,44.44,48.79,0
4.73,4.49,296.0,2,9.3,0.08,213.66,79.93,14.2,0
4.53,11.51,200.0,3,4.84,0.63,250.57,54.75,54.52,0
3.19,10.65,281.0,0,4.9,1.15,297.05,22.54,33.59,0
4.65,9.02,6.0,3,1.2,1.9,136.59,55.21,47.19,0
0.9,7.16,295.0,1,8.03,1.72,199.84,36.47,17.0,0
1.38,6.71,14.0,2,2.47,0.46,284.29,21.95,43.54,1
0.7,8.86,320.0,3,9.0,0.44,91.76,69.25,21.82,0
1.96,7.91,357.0,1,9.11,0.4,229.41,36.54,31.92,0
2.25,3.56,106.0,0,9.43,1.84,238.74,67.79,10.84,0
1.72,7.61,76.0,3,5.2,1.71,72.24,37.29,17.58,0
4.23,10.26,276.0,2,6.77,1.55,265.31,31.66,14.6,0
2.11,7.13,91.0,3,7.79,0.79,253.28,78.44,21.99,0
1.76,3.47,312.0,1,1.31,1.01,58.35,41.7,15.0,0
2.94,10.08,37.0,2,6.01,0.93,72.77,56.08,44.6,0
1.13,4.81,45.0,3,0.34,0.51,62.28,56.6,11.45,0
4.11,5.33,352.0,0,4.98,1.01,133.69,53.63,40.89,1
0.84,4.48,243.0,2,1.55,0.06,177.32,74.88,17.04,0
4.94,5.97,305.0,0,1.83,0.26,183.09,60.47,57.26,0
3.98,9.81,117.0,1,3.65,1.77,116.92,44.22,56.65,0
1.39,7.67,244.0,3,4.32,1.5,277.9,71.74,21.28,0
0.52,4.84,214.0,0,6.23,0.85,142.07,30.86,40.72,0
4.17,10.9,217.0,1,0.74,1.03,61.39,52.65,11.4,0
3.68,10.92,246.0,3,5.04,0.74,125.06,77.03,56.59,0
3.78,10.84,207.0,1,1.83,1.48,182.78,57.52,36.15,0
3.97,5.15,154.0,0,5.74,1.57,152.06,69.02,12.16,0
0.83,7.06,99.0,1,6.37,1.53,118.46,59.21,27.12,0
2.11,11.86,277.0,2,5.57,1.45,82.83,70.36,13.84,0
1.02,9.95,81.0,3,7.38,0.41,254.79,76.67,29.65,1
4.38,3.24,249.0,1,3.36,0.68,299.04,36.38,43.5,0
3.3,3.59,84.0,0,7.65,0.94,132.39,30.18,33.49,0
1.99,7.18,225.0,3,4.33,0.66,145.41,49.04,29.19,0
0.79,11.18,269.0,2,4.84,1.51,204.51,62.11,15.96,1
1.9,7.85,79.0,3,6.48,0.66,229.61,33.63,22.25,0
1.96,7.48,22.0,2,0.18,0.28,148.01,20.25,15.01,0
3.78,3.95,47.0,3,6.54,0.8,276.23,40.58,50.37,0
3.37,8.91,218.0,1,6.19,1.96,190.0,78.13,16.76,0
4.49,10.4,306.0,1,3.1,0.45,162.6,61.7,39.77,0
2.62,6.42,16.0,0,0.86,1.22,211.67,44.08,27.14,1
1.04,9.98,264.0,2,0.91,0.87,288.2,31.55,21.3,0
3.71,11.68,123.0,0,9.23,0.14,248.64,41.37,41.97,0
3.92,4.83,172.0,1,6.89,0.98,60.0,30.19,32.85,1
3.03,7.71,334.0,2,1.27,1.4,133.08,26.38,30.01,0
3.97,5.58,120.0,0,3.57,1.03,167.64,74.4,39.64,0
2.72,10.14,168.0,0,5.92,1.74,128.63,79.86,34.56,1
2.85,8.2,5.0,0,8.36,0.58,225.05,29.85,25.17,0
2.42,8.71,29.0,0,0.44,0.17,256.57,23.27,37.95,0
0.61,10.18,93.0,0,2.37,1.87,232.84,39.78,43.47,0
0.99,6.56,10.0,2,8.9,0.76,297.33,47.7,11.33,0
0.64,11.24,227.0,0,0.09,1.15,118.14,32.29,33.29,0
3.36,7.8,154.0,2,2.01,1.58,268.75,38.09,12.88,0
1.91,4.42,197.0,0,9.59,0.65,241.66,32.05,19.32,0
2.79,9.26,63.0,1,6.13,1.43,140.54,66.46,38.03,0
4.58,10.14,107.0,1,2.62,0.27,233.53,62.75,53.31,0
1.62,5.85,239.0,0,0.67,0.58,76.02,58.1,54.14,0
2.35,10.71,348.0,3,0.28,0.29,247.33,43.23,13.5,0
3.9,11.16,18.0,1,2.45,1.62,183.08,74.54,30.96,1
1.53,5.49,321.0,2,8.81,0.45,123.07,78.17,39.15,0
0.85,11.85,208.0,0,4.16,1.43,213.94,30.42,17.35,0
1.8,4.27,203.0,2,7.2,1.89,210.4,33.38,48.27,0
1.23,4.82,180.0,3,9.18,1.06,102.37,51.54,47.21,0
4.68,4.66,25.0,0,4.08,1.08,57.6,25.48,55.17,0
4.14,11.05,32.0,1,1.91,0.92,158.41,46.19,10.42,1
3.35,8.89,216.0,2,5.17,0.65,192.38,54.91,20.83,0
4.42,4.37,123.0,1,9.08,0.95,269.15,51.32,51.36,0
4.12,6.96,330.0,1,8.04,1.21,282.05,39.85,43.53,0
1.34,8.54,146.0,0,0.66,1.97,182.2,52.55,54.72,0
4.52,3.75,52.0,2,6.93,1.88,238.45,77.53,12.86,0
2.93,10.94,257.0,3,5.72,1.72,159.83,32.36,39.85,0
4.13,10.23,106.0,1,9.07,1.78,236.52,59.29,38.45,0
4.53,7.55,189.0,0,1.22,0.94,101.2,22.6,11.78,0
1.93,11.7,251.0,0,5.34,1.31,142.77,23.98,35.68,0
1.0,6.76,324.0,3,8.79,1.79,208.56,53.11,40.48,0
1.53,11.86,285.0,0,4.1,0.79,54.54,26.3,19.56,0
2.42,9.01,243.0,1,4.82,1.92,230.62,21.34,23.67,0
4.18,8.71,245.0,0,0.7,0.83,258.88,30.29,42.02,0
4.37,4.49,341.0,2,2.78,1.2,149.79,53.89,33.42,0
0.53,10.94,106.0,2,3.25,1.42,161.99,62.2,52.9,0
2.8,6.85,0.0,1,9.45,1.9,262.82,32.15,27.12,0
2.38,4.46,98.0,2,2.83,0.49,243.91,60.1,23.33,0
1.5,3.11,78.0,3,4.61,1.49,122.04,30.95,59.24,0
1.04,8.04,238.0,0,6.71,1.04,130.99,56.81,55.56,0
2.02,7.75,228.0,1,1.62,0.54,219.72,44.72,11.45,0
4.74,9.47,214.0,3,4.86,1.55,190.8,59.23,48.54,1
1.95,11.01,6.0,0,7.39,1.1,90.56,79.7,15.52,1
2.83,3.71,262.0,3,8.67,1.32,127.48,76.27,11.37,0
3.66,9.58,116.0,1,6.26,0.65,275.0,20.26,23.68,0
2.14,4.69,239.0,1,6.69,0.96,222.04,73.13,23.47,0
4.87,10.72,200.0,3,1.26,1.23,296.49,23.99,50.97,0
4.83,10.37,123.0,0,9.46,0.81,241.75,77.18,45.53,0
1.63,7.87,48.0,2,1.33,0.4,285.49,36.91,59.08,1
2.74,9.39,34.0,2,7.75,1.92,104.05,42.92,45.58,0
1.85,5.83,299.0,3,2.65,1.02,242.87,25.5,30.91,0
1.78,7.24,331.0,1,9.34,1.47,55.05,26.74,44.95,0
0.67,10.39,234.0,0,7.2,0.82,217.69,63.6,59.97,0
3.24,7.13,37.0,0,7.54,0.71,167.32,76.66,45.51,0
2.76,6.22,145.0,1,2.19,0.81,136.69,56.64,48.08,0
0.73,7.45,262.0,2,4.43,0.82,265.6,62.95,56.92,0
1.75,10.45,281.0,0,6.18,1.09,263.57,65.72,15.68,0
4.59,6.02,43.0,3,7.7,1.09,55.58,35.77,45.24,0
1.58,4.56,0.0,2,1.04,0.99,202.38,22.71,52.54,0
1.15,9.41,256.0,3,9.62,0.27,141.96,20.11,57.72,1
2.7,10.43,128.0,2,8.9,0.99,153.92,41.04,20.55,0
4.94,3.91,92.0,1,2.7,0.34,258.01,34.49,35.2,0
1.59,5.16,5.0,3,8.23,0.25,127.46,23.74,44.03,0
3.52,4.28,195.0,3,5.18,1.87,285.76,30.77,22.37,0
3.93,6.13,306.0,1,4.62,1.21,94.91,27.47,40.02,0
1.57,7.05,345.0,3,3.14,1.32,215.68,74.89,22.88,0
3.78,9.74,204.0,2,5.81,0.8,218.03,28.42,26.67,0
2.16,8.86,185.0,0,7.3,1.82,113.05,52.26,32.08,0
3.35,8.59,31.0,0,4.11,1.28,131.19,55.59,36.46,0
3.35,6.17,198.0,1,6.29,1.54,258.7,52.61,32.47,0
2.91,10.57,137.0,2,6.99,0.74,240.45,25.94,34.66,1
0.91,7.24,219.0,3,7.11,1.92,132.27,39.13,24.93,0
4.26,11.81,140.0,3,0.52,1.64,183.49,23.08,17.95,1
1.94,8.71,87.0,0,8.6,1.71,65.42,43.74,12.37,0
1.34,4.14,34.0,3,4.58,0.34,102.19,31.32,19.8,1
0.68,9.09,113.0,0,2.62,0.54,171.46,53.7,39.1,0
3.16,5.93,35.0,1,2.42,0.57,71.49,61.57,49.31,0
3.55,9.18,64.0,3,4.83,0.54,260.83,51.93,18.46,0
0.57,3.63,355.0,2,8.87,1.71,229.5,46.05,15.43,0
2.8,4.57,160.0,3,3.78,0.06,285.91,43.24,47.46,0
1.52,10.7,191.0,0,7.5,0.15,223.37,70.5,25.26,0
3.4,5.04,315.0,1,0.97,0.55,285.1,33.16,57.57,0
1.28,10.53,358.0,0,4.76,0.4,188.63,64.05,45.72,0
3.61,5.51,210.0,3,9.92,0.46,200.05,65.45,26.34,0
2.24,8.79,292.0,0,7.7,1.6,294.24,45.15,24.48,0
4.72,9.25,118.0,0,2.11,1.13,210.53,37.84,36.18,0
1.12,7.61,110.0,1,5.01,0.01,57.7,48.23,13.96,0
2.03,5.75,145.0,2,2.34,0.86,230.95,25.59,15.88,1
1.01,4.91,242.0,3,4.1,0.82,276.37,22.76,18.79,0
4.66,3.3,246.0,1,7.8,0.23,248.9,26.7,48.74,0
4.45,5.74,113.0,2,7.71,1.35,195.96,31.23,35.69,0
1.66,8.88,48.0,0,2.28,1.4,217.83,50.25,10.53,0
3.47,11.44,228.0,2,9.22,1.44,297.55,70.95,43.68,0
4.18,10.84,46.0,0,5.93,1.46,72.67,34.14,31.18,0
3.0,9.89,208.0,0,3.8,0.0,216.81,76.11,35.54,1
2.88,10.1,250.0,1,5.02,1.91,120.85,77.29,20.71,0
1.59,8.98,252.0,0,6.05,1.63,210.02,77.53,37.59,0
0.92,5.34,271.0,1,5.6,1.81,201.91,70.25,58.96,0
4.54,11.16,314.0,2,4.86,0.03,88.36,41.83,13.67,0
4.55,9.04,180.0,2,5.05,1.87,101.69,24.36,24.2,0
3.35,8.04,263.0,0,1.76,1.62,205.41,54.13,22.15,0
2.03,4.0,223.0,1,8.13,1.67,82.06,53.52,22.43,0
2.07,7.02,67.0,0,5.42,0.19,116.3,71.0,28.94,0
3.77,7.14,9.0,1,1.31,1.48,258.81,79.76,50.91,0
4.54,10.78,102.0,1,7.66,1.92,131.77,50.49,55.64,0
4.49,7.92,159.0,1,9.32,1.36,172.02,40.71,20.11,0
4.01,6.42,222.0,2,9.47,1.14,285.29,31.15,37.15,0
3.39,11.79,306.0,1,3.69,1.89,106.79,20.29,41.84,0
0.88,4.0,71.0,2,1.36,0.89,147.41,50.55,36.09,0
1.23,6.8,45.0,1,5.18,1.2,201.61,53.33,31.7,0
4.54,3.38,347.0,2,1.13,0.95,238.83,69.5,19.6,0
3.23,9.66,39.0,3,9.34,1.87,275.41,50.27,34.41,0
0.54,11.26,172.0,2,1.84,0.15,278.87,74.99,30.06,0
0.96,5.52,211.0,2,2.53,1.0,244.16,57.69,49.78,0
3.49,10.73,195.0,0,4.07,1.37,107.08,70.42,48.18,0
0.52,5.63,31.0,1,3.83,1.58,56.2,28.9,16.7,0
1.22,11.2,21.0,3,7.95,1.17,145.94,71.32,14.43,0
2.97,9.79,38.0,0,4.56,1.82,85.39,60.51,55.41,0
3.61,10.24,211.0,1,1.71,1.88,227.6,30.21,36.78,0
3.43,3.16,196.0,3,2.67,0.13,215.28,31.39,52.89,0
1.51,11.67,84.0,3,5.09,0.8,60.99,75.59,12.91,0
3.7,9.54,230.0,3,1.47,0.05,259.15,21.93,36.33,0
1.57,5.74,295.0,1,6.12,0.66,112.19,47.75,36.97,0
1.96,10.46,15.0,3,5.66,1.07,158.06,38.81,53.04,0
3.86,5.53,179.0,3,7.15,1.82,216.98,59.9,14.88,0
3.42,10.85,248.0,0,9.38,1.69,157.35,70.38,22.02,0
4.32,4.01,91.0,2,9.12,0.25,160.32,41.62,30.33,0
3.46,9.33,111.0,1,9.46,0.19,66.41,45.61,53.29,0
3.06,7.87,221.0,2,2.45,1.18,150.36,78.92,56.94,0
0.92,3.87,323.0,0,1.32,1.06,241.21,67.03,59.64,1
2.15,5.18,292.0,2,3.02,0.53,278.79,73.83,57.96,0
1.69,3.11,210.0,3,8.95,1.8,153.37,46.33,10.3,1
1.6,7.22,263.0,3,9.72,1.85,155.9,34.04,12.39,0
4.88,5.71,131.0,1,8.59,0.81,225.66,44.71,17.38,0
2.27,8.39,231.0,1,1.1,1.78,285.69,62.97,27.44,0
4.51,5.68,168.0,1,9.47,0.77,116.77,26.57,51.5,0
3.34,5.7,68.0,0,4.23,1.47,160.04,36.23,54.63,0
4.08,9.69,253.0,1,0.09,0.95,248.99,22.8,19.34,0
2.76,3.43,200.0,0,4.42,0.25,202.42,45.94,40.98,0
3.1,11.13,129.0,3,0.46,1.86,77.65,69.65,55.87,0
2.72,10.67,328.0,2,5.44,0.91,206.93,21.48,33.19,0
1.38,9.01,8.0,3,3.39,1.47,96.69,60.52,15.18,0
3.75,8.34,114.0,3,4.73,0.73,177.55,75.95,32.89,0
1.76,11.03,20.0,3,6.13,0.04,182.28,34.22,28.79,0
0.61,4.67,276.0,1,8.69,0.2,269.05,61.62,38.88,0
3.4,3.71,253.0,1,6.62,0.99,165.62,78.51,31.93,0
1.3,5.16,119.0,1,4.34,1.38,119.86,77.74,10.87,1
4.73,10.15,243.0,2,8.19,0.67,107.74,34.1,59.7,0
4.79,3.31,143.0,1,9.06,1.39,268.56,26.02,37.18,0
4.62,8.25,272.0,0,1.2,1.4,92.75,28.9,33.68,0
2.17,11.96,164.0,3,5.32,1.41,156.47,62.12,57.73,0
0.57,10.7,148.0,2,2.85,0.99,96.79,63.55,17.79,0
4.68,7.69,337.0,2,0.47,1.83,243.33,60.45,19.46,0
2.43,3.57,90.0,2,6.69,0.98,168.59,40.16,50.4,0
4.85,10.48,43.0,2,8.63,0.9,137.79,30.19,23.04,0
4.84,8.39,210.0,2,1.63,0.4,140.27,54.85,49.96,0
4.34,4.03,349.0,0,8.12,0.62,263.05,49.02,23.58,1
1.83,3.84,136.0,3,8.53,0.08,188.44,63.73,11.66,0
2.23,11.19,22.0,2,9.14,1.27,229.47,46.48,35.85,0
4.33,9.02,122.0,3,2.65,0.5,274.26,40.32,19.83,0
1.93,10.46,182.0,1,9.04,0.61,275.44,37.61,47.89,0
1.26,10.91,58.0,2,3.21,1.54,132.13,32.69,42.06,0
3.01,8.15,237.0,2,5.52,0.65,288.11,35.94,56.18,0
4.71,7.66,359.0,3,0.51,0.48,56.22,25.69,49.15,0
3.63,6.87,163.0,2,0.44,0.34,144.21,40.81,19.04,1
3.07,5.85,128.0,2,7.2,1.55,273.95,22.19,50.01,0
0.94,6.91,144.0,2,4.44,0.26,118.66,31.18,42.09,0
3.27,9.96,41.0,0,2.56,0.91,118.27,64.81,43.45,0
4.96,8.42,318.0,0,1.9,1.01,125.66,39.53,51.61,0
1.13,11.03,149.0,2,6.7,1.37,203.08,60.09,38.69,0
2.83,6.99,139.0,0,0.0,1.27,159.58,63.01,33.3,0
4.45,8.46,237.0,1,8.06,1.62,231.68,54.87,41.83,0
3.83,8.68,159.0,2,0.79,0.09,273.73,77.52,24.9,0
3.64,8.33,233.0,1,1.91,0.59,218.55,21.29,19.13,0
3.66,9.32,22.0,3,3.86,0.56,101.12,64.32,40.83,0
2.12,5.14,293.0,1,4.85,0.29,283.17,77.53,21.69,0
1.82,7.61,339.0,3,3.55,0.58,116.12,71.74,14.0,0
4.14,3.94,234.0,2,3.21,0.62,87.47,30.07,10.03,0
4.15,6.46,344.0,3,9.64,1.04,72.49,39.61,40.42,0
4.4,7.39,55.0,3,6.42,1.33,190.85,30.35,28.11,0
4.61,8.87,172.0,1,0.23,0.76,78.44,56.08,47.62,0
2.8,11.55,217.0,1,4.3,1.44,84.69,62.73,28.76,0
2.76,8.41,209.0,1,8.75,0.67,125.01,39.02,34.3,0
4.09,9.69,145.0,2,3.01,0.58,120.41,52.37,30.35,0
3.42,7.56,122.0,2,0.95,1.08,201.06,61.46,42.53,0
3.66,8.71,46.0,1,7.58,0.05,254.19,45.28,27.81,0
4.08,3.64,141.0,2,6.06,0.16,240.34,71.24,58.19,0
4.51,5.29,59.0,2,5.7,0.84,115.62,66.29,56.81,0
2.02,6.26,264.0,3,0.54,1.89,111.33,23.88,52.4,0
2.19,7.25,75.0,3,1.4,1.44,291.45,57.27,56.02,0
0.92,3.41,21.0,1,6.23,0.18,52.06,34.12,32.46,0
3.1,4.26,199.0,2,2.08,1.69,269.93,53.45,36.82,0
0.66,5.49,214.0,3,5.04,1.46,99.93,77.41,47.1,0
2.6,11.74,314.0,0,5.45,1.22,286.82,72.74,44.81,0
2.94,5.98,208.0,2,2.84,1.64,135.58,44.27,54.53,0
1.79,7.34,124.0,0,9.48,0.81,160.09,37.49,45.82,0
3.16,4.76,289.0,1,8.42,0.44,226.78,34.06,59.89,0
0.64,8.5,195.0,2,7.22,1.02,196.92,51.95,27.43,0
0.67,5.53,29.0,1,0.78,1.1,129.48,26.85,51.65,0
4.2,4.86,204.0,1,1.06,1.08,188.46,52.96,44.88,0
2.12,7.65,327.0,1,4.93,1.13,232.68,20.08,44.57,0
1.07,3.05,143.0,1,1.61,1.9,60.58,39.43,26.29,0
2.85,3.07,107.0,1,9.78,1.8,52.8,33.2,49.28,0
3.96,4.97,52.0,2,1.59,1.75,164.52,78.27,55.02,0
1.47,3.33,55.0,0,4.87,1.6,82.96,63.63,20.93,0
3.3,3.97,156.0,2,3.64,1.89,216.09,40.98,41.27,0
0.88,6.05,214.0,2,6.39,0.2,103.51,25.57,29.61,0
0.73,10.22,29.0,2,1.29,0.53,158.21,51.01,59.48,0
2.89,8.15,338.0,3,4.3,0.99,99.42,32.81,33.94,0
2.93,7.61,272.0,3,2.75,1.69,187.12,52.19,21.42,0
3.37,5.64,211.0,2,8.88,1.01,79.01,70.12,29.09,0
3.77,11.39,298.0,0,0.41,1.5,55.78,56.95,42.69,0
4.89,6.57,29.0,2,9.14,0.28,62.78,58.03,13.8,0
2.82,3.78,172.0,1,8.33,0.5,288.56,52.46,40.18,0
1.95,8.55,227.0,3,2.98,1.46,85.57,75.64,56.56,0
4.08,4.02,298.0,3,7.89,0.33,227.12,75.91,52.52,0
1.72,6.11,282.0,2,0.31,0.7,66.98,50.76,13.38,0
2.48,7.57,100.0,2,9.67,0.53,77.04,38.35,59.67,0
0.85,10.87,339.0,0,5.27,0.7,177.22,47.58,44.94,0
0.61,7.44,45.0,0,3.03,1.42,166.22,31.19,18.11,0
4.83,9.32,315.0,1,3.63,0.74,287.9,58.18,10.62,0
4.26,11.94,350.0,2,0.66,1.11,286.21,50.01,18.56,0
3.63,4.18,64.0,2,9.89,0.2,244.9,26.2,51.91,0
2.34,5.47,260.0,2,0.39,1.61,200.53,31.86,11.08,0
1.28,6.55,15.0,3,6.55,0.74,163.74,48.78,21.66,0
1.2,6.8,146.0,1,4.43,1.3,139.04,73.26,47.87,0
1.63,6.7,186.0,0,9.49,1.45,286.77,53.98,39.31,0
2.97,11.17,209.0,3,2.46,0.42,200.73,60.89,49.14,0
3.72,9.43,337.0,3,5.32,1.77,194.77,40.34,47.31,0
3.47,8.47,242.0,3,4.82,1.23,107.98,54.28,12.53,0
1.76,5.78,173.0,3,7.03,0.86,61.67,46.84,54.63,0
4.8,10.41,291.0,1,0.68,0.36,286.3,59.55,21.35,0
3.82,11.6,342.0,2,1.94,1.88,128.43,23.03,37.67,0
2.99,10.39,8.0,0,2.15,1.51,160.65,49.6,42.21,0
3.25,3.01,354.0,0,7.38,0.42,78.66,37.76,18.43,0
2.39,8.73,31.0,3,1.89,0.68,259.23,39.57,58.81,0
1.61,3.46,293.0,3,5.73,1.62,56.91,77.66,34.41,0
2.1,5.32,101.0,1,2.15,1.39,258.5,30.96,12.88,0
3.91,3.54,48.0,3,8.62,1.53,85.07,38.67,56.86,0
0.56,8.43,158.0,0,9.42,0.88,271.64,50.59,39.31,0
1.02,9.18,232.0,0,5.18,1.43,232.44,71.78,44.96,1
0.71,4.03,137.0,2,3.52,0.77,91.17,45.0,36.26,0
0.68,6.45,20.0,2,2.34,0.42,191.45,64.63,51.74,1
4.35,7.11,216.0,0,0.5,1.27,128.16,71.38,11.66,0
3.67,6.32,325.0,0,2.69,1.95,94.56,38.6,23.42,0
2.63,4.09,138.0,1,6.54,0.62,264.8,43.57,33.48,0
0.94,6.77,78.0,1,5.34,0.92,150.88,41.39,13.83,0
2.71,9.76,159.0,0,9.44,1.35,149.64,69.97,45.3,0
2.63,3.64,17.0,3,3.96,1.08,92.47,22.66,29.68,0
1.28,3.72,295.0,2,6.94,1.69,145.77,38.51,23.63,0
2.45,6.19,297.0,0,4.89,1.52,267.9,60.76,10.17,0
2.29,11.48,212.0,3,5.13,0.12,140.78,53.93,45.99,0
3.27,9.02,127.0,0,2.68,2.0,287.9,46.18,51.69,0
3.36,9.11,288.0,2,4.55,1.5,286.58,52.4,29.75,0
0.7,6.26,200.0,2,4.71,1.73,86.22,31.86,38.21,0
2.19,8.34,297.0,1,7.07,1.3,94.33,45.84,21.38,0
3.32,3.09,227.0,1,9.41,1.71,265.67,50.1,41.11,0
2.76,8.72,282.0,1,3.29,0.22,148.19,74.07,10.61,0
4.35,11.22,215.0,1,0.42,0.7,51.09,35.65,34.43,0
3.46,8.51,149.0,2,4.96,1.75,118.47,72.07,42.21,0
1.23,10.86,345.0,3,5.44,0.4,199.41,58.65,55.91,0
0.82,9.52,195.0,3,1.68,0.16,249.82,21.22,29.07,0
3.39,4.09,218.0,3,7.6,1.58,83.35,63.48,48.26,0
0.62,11.12,79.0,0,9.85,1.67,77.64,22.13,39.88,0
3.14,3.6,225.0,1,9.46,0.33,280.52,79.84,56.35,0
4.73,7.81,206.0,1,1.97,1.71,237.79,72.36,29.92,0
3.09,4.28,67.0,2,8.75,1.37,197.44,37.84,25.95,0
2.25,3.11,21.0,2,7.04,1.04,242.3,35.44,54.36,0
3.39,6.8,218.0,0,4.54,1.66,157.21,42.89,12.46,0
2.56,5.66,275.0,0,5.41,0.84,239.61,41.37,16.82,1
2.96,7.37,188.0,3,8.5,0.39,142.95,42.34,14.12,0
4.74,8.19,82.0,2,4.8,0.57,111.02,39.1,52.16,0
2.24,3.39,240.0,1,3.73,1.01,232.25,57.27,10.53,1
4.83,4.11,29.0,3,4.93,1.06,154.92,29.86,53.08,0
4.57,8.03,159.0,1,5.79,1.61,295.34,70.76,32.56,1
1.38,6.09,59.0,3,1.89,1.58,137.37,68.74,10.2,0
0.81,9.56,66.0,1,9.01,1.16,280.43,48.59,30.08,0
0.95,8.87,73.0,0,6.74,1.56,283.24,71.16,19.34,0
0.58,10.61,139.0,3,6.33,0.38,110.46,34.83,41.22,0
0.92,9.23,18.0,1,0.99,0.1,249.56,21.05,43.97,0
3.57,6.87,143.0,1,6.04,1.75,158.27,57.15,34.38,0
0.82,9.06,184.0,2,1.21,0.15,279.38,47.47,12.03,0
1.94,5.48,174.0,3,0.79,0.49,162.53,54.03,42.81,0
4.3,5.76,138.0,1,5.27,1.39,236.08,73.96,52.1,0
0.6,10.1,302.0,2,4.03,0.82,166.74,78.2,46.02,0
4.17,7.02,52.0,1,5.89,1.75,106.95,58.07,51.5,1
1.77,10.19,182.0,3,0.89,0.6,99.84,65.84,20.03,0
1.03,10.4,22.0,0,4.31,0.02,156.36,25.03,54.44,0
3.64,10.72,26.0,3,1.75,0.6,238.87,29.64,26.11,0
3.33,11.25,207.0,3,9.87,1.16,201.27,63.99,10.67,0
4.45,6.88,204.0,1,5.61,0.75,222.16,45.88,52.17,0
3.81,5.87,316.0,1,6.87,1.07,120.58,46.76,57.09,0
4.12,8.24,201.0,3,3.25,1.75,170.36,38.52,42.78,0
1.77,6.34,346.0,2,0.95,1.82,61.1,56.44,21.57,0
1.3,8.41,18.0,2,9.76,0.53,254.38,31.11,22.59,0
3.88,9.35,35.0,2,2.86,0.92,297.47,57.61,33.33,0
4.13,9.2,16.0,1,4.24,1.1,151.72,30.43,54.89,0
4.96,6.37,67.0,1,6.5,1.9,52.74,23.83,17.48,0
2.36,4.5,195.0,3,0.25,2.0,92.45,39.82,51.3,0
2.17,6.87,232.0,0,8.1,0.47,213.13,33.87,24.57,0
3.99,4.28,16.0,1,5.37,1.45,203.02,73.34,50.43,0
2.03,11.01,341.0,3,2.78,0.76,246.97,23.3,56.01,0
4.69,6.11,303.0,3,0.62,0.02,113.47,30.6,31.37,1
4.36,4.39,107.0,0,1.62,0.02,240.91,52.92,28.25,0
2.43,3.23,28.0,2,8.95,0.92,222.0,48.86,50.11,0
3.88,8.81,61.0,3,6.86,0.98,130.7,22.75,36.47,0
3.9,8.73,46.0,3,2.5,0.05,186.37,20.44,44.22,1
0.96,6.07,44.0,3,0.66,1.37,86.82,79.28,41.14,0
4.56,3.65,187.0,2,6.91,0.59,163.14,59.53,17.64,0
2.77,6.69,89.0,2,5.72,1.12,270.3,41.92,52.24,0
4.22,5.8,129.0,0,4.05,0.6,155.3,48.23,19.79,0
1.94,9.09,356.0,1,3.64,0.33,259.89,35.99,56.61,0
4.53,8.45,246.0,2,2.17,0.81,197.56,40.69,22.53,0
2.25,6.28,342.0,1,6.7,0.46,97.97,58.94,46.69,0
0.55,4.96,51.0,1,9.71,1.07,195.28,72.97,24.23,0
4.57,11.89,138.0,2,1.76,0.4,176.5,31.05,25.89,0
0.91,7.09,200.0,3,5.97,1.02,149.66,70.42,25.5,0
1.94,9.19,28.0,0,4.24,0.31,79.91,27.29,47.39,0
4.78,4.26,2.0,1,4.47,1.34,154.18,32.9,37.84,0
4.78,7.37,241.0,3,2.54,1.51,68.19,22.23,54.15,0
3.08,3.25,231.0,2,8.25,0.22,74.69,28.45,25.37,0
3.34,7.55,148.0,1,4.85,0.94,153.98,75.04,44.6,0
2.52,11.68,176.0,1,5.43,0.14,126.35,47.57,47.65,1
1.82,6.46,150.0,1,3.05,1.2,281.39,24.66,17.57,0
1.98,3.35,9.0,3,1.82,0.53,143.93,77.58,30.03,0
3.53,3.28,121.0,3,0.86,1.06,239.46,72.74,34.14,0
3.89,6.49,64.0,3,7.14,1.03,182.56,65.28,27.78,0
4.06,4.44,35.0,1,1.96,1.85,226.02,76.01,26.11,1
4.05,3.21,344.0,1,6.9,1.1,115.03,33.21,44.32,0
0.91,9.81,216.0,0,3.9,1.17,285.48,70.18,20.79,0
2.72,7.13,262.0,0,4.16,0.8,182.52,61.4,45.47,1
0.76,5.6,114.0,3,4.69,1.9,257.83,72.19,56.75,0
2.97,11.1,142.0,3,3.68,1.55,141.26,67.81,38.26,0
2.49,4.05,85.0,2,1.01,0.57,75.05,40.79,40.57,0
4.49,11.6,35.0,3,3.1,1.69,218.43,66.46,13.45,0
2.08,5.83,64.0,0,6.64,0.86,51.94,35.75,53.22,1
1.03,11.0,287.0,0,6.66,1.66,168.82,39.72,24.27,0
1.14,8.43,244.0,0,2.86,1.65,98.2,26.47,40.75,1
3.93,10.44,197.0,1,4.6,0.38,206.84,76.1,58.96,1
3.28,11.86,171.0,1,1.93,1.4,294.85,37.46,39.78,0
0.96,5.6,332.0,3,2.1,0.58,166.1,51.24,46.24,0
0.88,11.65,26.0,2,0.23,0.59,254.37,43.48,32.27,0
3.65,6.51,101.0,2,8.97,0.59,176.95,77.6,13.02,0
0.83,6.47,126.0,2,2.11,1.45,173.96,40.1,49.88,0
4.2,6.06,282.0,1,2.28,0.46,282.61,66.71,11.75,0
3.68,7.87,357.0,0,2.8,0.0,272.49,71.32,45.03,0
0.87,4.39,87.0,0,1.27,1.43,246.45,46.14,11.15,1
0.88,7.98,315.0,1,6.39,0.34,124.06,42.69,53.12,0
4.94,7.88,299.0,2,0.75,0.21,186.25,64.86,17.88,0
2.18,9.86,81.0,2,1.34,0.48,105.97,74.77,35.71,0
2.17,10.5,144.0,3,6.45,0.76,160.98,65.3,39.86,0
4.16,6.96,147.0,3,3.4,0.95,171.05,33.63,32.88,0
4.76,5.72,352.0,2,7.08,0.09,257.91,73.3,27.04,0
4.94,5.33,65.0,1,5.57,1.94,274.01,43.25,33.39,0
3.89,4.75,288.0,2,2.56,1.43,153.66,54.57,25.57,0
2.19,3.52,120.0,3,6.51,0.65,54.43,69.89,31.91,0
0.88,6.08,263.0,2,1.16,0.64,265.44,31.3,27.95,0
4.0,5.43,151.0,1,5.36,0.9,93.57,67.07,38.31,1
3.01,11.7,208.0,0,4.37,1.25,205.47,55.77,21.9,0
2.41,8.02,300.0,1,2.68,0.29,56.24,73.6,59.43,0
4.58,6.13,289.0,1,6.04,0.38,149.88,30.32,35.04,0
1.0,8.22,312.0,3,8.71,1.72,296.49,45.24,19.71,0
2.72,4.25,21.0,1,9.99,0.51,75.17,69.97,33.85,0
0.55,7.0,249.0,1,6.08,0.76,155.92,21.15,53.32,1
2.61,8.64,50.0,3,4.05,1.74,126.79,26.73,11.09,0
0.75,7.4,150.0,3,2.25,1.33,276.27,79.43,43.98,0
1.03,6.62,197.0,0,2.57,0.68,267.34,36.82,37.4,0
1.03,11.94,145.0,2,4.79,1.37,109.42,78.53,18.48,0
3.42,10.92,187.0,1,3.67,0.04,70.3,30.95,50.87,0
3.86,8.61,359.0,3,9.14,1.47,206.78,41.67,28.44,0
3.13,8.12,49.0,0,3.68,0.97,134.09,65.17,24.69,0
4.83,8.59,243.0,2,3.73,1.63,218.02,59.47,51.41,0
2.19,4.81,143.0,3,3.84,1.91,58.03,54.87,41.93,0
1.79,6.56,48.0,2,8.37,1.85,83.35,51.79,54.91,0
4.41,3.36,57.0,2,6.51,1.82,221.59,70.61,41.49,0
1.51,7.28,342.0,1,6.14,1.02,103.09,34.1,47.04,1
4.83,7.89,317.0,1,3.34,0.72,264.4,46.55,51.82,0
0.55,5.05,327.0,3,8.18,0.93,64.65,29.33,12.74,0
4.86,11.68,357.0,2,0.38,1.38,103.87,55.76,48.8,0
0.69,11.19,75.0,3,8.71,1.77,299.64,35.03,40.69,0
4.51,9.5,128.0,3,5.13,0.41,158.27,40.03,13.48,0
2.87,7.8,241.0,2,3.98,1.84,225.74,48.28,35.43,0
4.97,10.83,174.0,3,4.97,1.63,95.67,21.61,14.12,0
0.83,4.18,151.0,2,6.67,1.96,202.47,25.52,46.8,0
2.99,10.11,129.0,2,0.13,1.76,231.53,61.16,37.33,0
4.86,4.12,214.0,2,8.72,0.56,128.62,45.74,57.68,0
2.85,10.15,207.0,2,4.47,0.21,257.22,71.89,19.16,0
3.33,5.48,58.0,0,3.43,0.22,200.85,61.68,40.3,0
3.63,10.89,170.0,2,1.38,0.58,147.28,20.49,20.58,0
2.55,11.5,199.0,1,4.39,1.23,189.41,57.0,40.7,0
3.32,4.34,205.0,1,4.96,1.61,194.19,25.62,46.13,0
3.13,7.16,76.0,1,4.04,1.8,91.38,66.86,46.12,0
4.56,11.83,267.0,2,6.79,1.25,150.68,79.49,50.75,0
0.7,7.35,9.0,1,4.21,0.01,135.86,51.87,52.68,0
1.76,10.77,128.0,0,9.61,0.37,150.23,60.97,13.86,0
4.78,8.3,281.0,3,5.99,0.2,240.28,34.24,27.16,0
4.51,6.38,203.0,2,8.07,0.73,170.63,46.26,44.36,1
2.55,5.57,94.0,1,1.09,1.0,285.08,71.37,34.93,1
3.29,4.83,250.0,0,3.97,0.09,123.42,30.05,19.53,0
1.75,9.86,204.0,3,3.37,0.7,153.93,35.93,37.64,1
1.35,6.48,287.0,0,5.69,0.36,246.74,46.73,30.37,0
2.59,7.6,265.0,1,8.61,1.29,186.51,62.73,29.5,0
2.09,7.43,220.0,0,0.78,0.93,186.76,42.55,50.49,0
3.13,8.2,176.0,3,0.73,0.99,63.34,75.66,30.38,0
0.85,10.79,48.0,1,8.5,0.86,149.65,25.67,11.32,0
4.88,11.83,94.0,3,2.13,1.91,117.68,42.25,12.9,0
4.94,6.67,151.0,0,6.69,0.43,299.83,62.54,52.81,1
3.64,10.45,216.0,2,5.43,1.03,127.09,33.56,58.03,0
2.91,9.88,185.0,2,8.33,1.47,271.12,59.38,44.42,0
1.89,8.16,104.0,2,1.25,1.11,219.06,29.85,28.22,1
4.16,11.6,2.0,2,1.3,1.86,135.23,23.36,56.93,0
3.58,4.8,179.0,3,5.57,0.76,185.88,27.26,43.14,0
1.23,3.98,103.0,2,9.46,0.93,260.13,75.8,52.22,0
4.6,10.69,264.0,3,4.15,0.18,270.84,53.11,48.29,0
4.2,6.95,9.0,1,3.27,1.22,90.1,67.78,28.96,0
4.77,10.62,211.0,2,6.07,0.58,134.89,39.96,33.94,0
3.77,11.04,339.0,3,9.3,0.32,133.81,55.56,19.31,0
3.26,3.56,63.0,2,8.37,1.09,60.51,49.7,24.6,0
2.38,10.95,170.0,2,9.95,1.06,199.56,76.74,48.91,0
4.7,7.03,33.0,2,0.23,0.15,263.71,64.85,54.7,0
4.4,7.59,225.0,3,1.13,1.4,145.39,63.83,46.22,0
0.7,8.64,198.0,0,6.09,1.25,235.01,22.78,33.26,0
0.62,11.34,147.0,2,8.21,0.38,206.93,52.98,14.33,1
2.19,3.17,188.0,2,2.85,0.94,143.91,48.02,12.85,0
4.15,7.29,323.0,1,2.39,1.44,85.26,75.67,28.72,0
4.94,9.19,71.0,0,7.87,1.06,227.33,35.44,33.19,1
1.18,9.5,8.0,3,0.56,0.79,263.64,36.19,40.46,0
3.17,9.23,310.0,1,3.69,0.64,221.46,44.68,10.32,0
2.21,4.21,208.0,2,5.06,1.22,54.47,34.6,59.49,0
4.86,5.69,321.0,1,5.6,1.88,104.06,27.75,28.2,0
4.29,6.23,215.0,1,7.29,1.34,67.37,71.44,52.4,0
4.27,10.24,292.0,2,3.55,0.15,192.6,53.5,36.75,0
2.61,5.51,155.0,0,6.13,0.92,239.12,71.68,16.52,0
2.37,4.9,270.0,0,5.85,1.78,77.64,69.87,49.88,0
1.73,11.62,329.0,1,5.48,0.19,259.58,36.92,45.49,1
0.75,3.08,206.0,2,6.4,1.98,188.88,52.86,36.37,0
4.39,11.98,65.0,3,2.59,1.9,222.49,24.99,35.73,0
4.16,9.09,97.0,1,0.85,0.16,292.85,74.92,14.37,0
5.0,10.46,72.0,3,1.19,1.87,70.92,44.26,42.79,0
4.98,5.65,89.0,1,2.25,0.73,275.31,43.62,55.56,0
3.0,3.13,110.0,1,5.0,1.69,81.53,38.17,14.66,1
3.96,9.64,200.0,2,8.4,0.84,148.24,47.64,23.18,1
4.75,10.51,212.0,2,7.01,0.88,262.86,35.11,55.12,0
4.32,9.66,154.0,3,7.89,1.27,276.56,42.49,24.22,0
1.61,4.29,222.0,3,3.51,1.55,176.59,68.0,42.7,0
2.53,9.78,29.0,0,4.05,0.07,198.53,70.06,36.74,1
1.08,9.92,32.0,2,3.94,1.19,227.04,38.25,39.82,0
4.79,8.93,62.0,1,1.92,0.37,258.19,48.14,30.79,0
3.23,9.9,187.0,1,0.61,0.69,80.38,72.43,25.0,0
1.53,10.61,77.0,0,5.91,0.7,252.52,23.16,12.43,0
3.52,8.52,102.0,2,9.89,0.94,170.32,73.35,47.21,1
3.28,3.8,144.0,1,1.67,0.67,162.66,33.15,47.3,0
2.11,7.39,292.0,0,0.47,0.21,155.97,60.71,43.54,0
1.01,3.7,5.0,0,7.8,0.29,177.3,54.95,42.18,0
3.52,6.67,234.0,1,2.53,0.07,286.26,53.18,22.19,0
2.84,6.66,241.0,1,8.3,0.94,187.05,71.56,11.12,0
3.98,3.59,288.0,3,7.04,1.91,288.29,26.09,50.44,0
2.84,6.14,336.0,2,9.46,0.23,95.07,40.82,34.56,0
4.33,4.0,7.0,3,4.09,1.89,231.03,52.3,25.34,0
2.98,10.27,55.0,0,6.62,1.47,253.06,68.68,15.1,0
3.02,11.53,319.0,1,4.65,1.27,219.78,32.99,13.14,0
4.44,3.65,165.0,3,6.31,1.29,201.73,68.18,27.44,1
2.32,11.6,203.0,0,4.5,1.65,191.2,43.98,50.24,0
1.1,7.7,239.0,2,1.89,0.21,265.23,31.33,55.94,0
0.63,5.7,244.0,1,5.08,1.01,255.41,65.54,54.84,0
3.9,3.69,335.0,3,5.29,1.39,80.57,25.45,56.0,0
3.29,7.51,359.0,2,8.11,1.17,262.15,50.89,55.39,1
3.67,10.15,259.0,3,7.36,1.67,153.52,23.83,36.36,0
1.46,9.36,103.0,0,6.64,0.14,113.42,41.39,20.97,0
1.11,3.45,317.0,2,1.13,1.38,267.44,56.06,49.9,0
0.57,3.66,18.0,3,7.21,1.07,158.01,53.37,20.69,0
2.08,6.63,83.0,2,5.0,0.76,252.09,44.28,23.36,0
3.15,5.66,323.0,0,8.94,0.68,115.85,45.74,21.66,0
2.27,5.09,92.0,2,9.2,1.24,50.98,33.61,35.75,0
2.47,5.53,79.0,3,0.55,1.78,173.86,47.35,26.09,0
4.57,10.23,50.0,0,8.21,0.99,75.06,77.2,17.71,0
2.07,11.36,309.0,1,0.38,1.65,238.59,71.03,32.66,0
2.81,6.65,180.0,3,3.67,0.8,119.02,28.71,53.7,1
4.03,11.15,243.0,3,5.42,0.2,160.91,21.79,38.53,1
2.28,5.89,86.0,0,1.48,0.12,71.76,76.01,53.92,0
3.3,7.29,273.0,0,7.46,0.1,121.66,51.6,19.79,0
4.38,5.03,274.0,1,0.08,0.76,245.37,52.27,18.35,0
4.77,8.76,113.0,3,1.69,0.67,87.9,66.84,38.78,0
1.16,11.81,148.0,0,5.81,1.44,211.79,38.88,33.17,0
4.67,8.43,75.0,1,7.14,1.49,279.36,48.91,43.01,0
2.71,6.22,352.0,1,9.17,0.1,219.96,78.12,49.73,0
1.66,8.83,232.0,0,7.05,0.44,252.76,60.33,47.57,0
2.57,4.11,336.0,3,6.72,0.55,77.24,29.22,57.11,0
4.91,11.0,109.0,2,3.94,1.1,112.68,27.99,29.91,0
2.72,7.53,281.0,2,0.01,0.29,273.63,32.26,20.32,0
1.98,7.04,276.0,1,1.2,0.27,228.78,66.0,37.55,0
3.35,8.27,249.0,2,5.35,1.89,209.89,37.72,15.54,0
1.58,8.62,348.0,2,6.75,1.61,215.94,21.28,24.44,0
0.84,3.65,142.0,0,4.17,0.36,153.55,76.65,20.39,0
1.08,9.14,47.0,1,7.31,0.81,61.14,30.18,29.83,0
1.08,5.18,242.0,3,5.22,0.71,246.11,20.57,15.56,0
1.18,9.43,263.0,1,0.74,1.58,219.68,34.23,11.59,0
1.12,10.4,207.0,0,1.92,1.02,168.2,34.1,42.84,0
3.38,10.24,74.0,2,8.4,0.26,274.94,45.32,40.51,0
1.32,7.97,182.0,3,7.25,1.48,134.04,75.22,45.42,0
2.06,7.68,112.0,1,8.95,0.79,123.58,72.75,43.02,0
4.54,4.29,154.0,2,1.18,0.53,268.2,47.41,15.71,0
2.63,9.98,232.0,1,9.9,0.75,249.25,44.65,24.55,0
3.5,5.44,268.0,3,2.09,1.0,178.74,53.3,16.48,0
1.28,7.47,84.0,1,0.12,0.69,82.68,34.61,52.15,0
1.37,5.56,146.0,1,9.97,0.48,103.77,23.13,47.35,0
0.68,4.2,97.0,1,2.81,0.8,214.06,76.35,20.08,0
1.26,8.67,72.0,2,6.68,0.04,146.26,31.2,27.07,0
1.75,3.49,282.0,3,1.77,1.54,259.12,31.9,58.33,0
1.3,9.74,327.0,3,5.8,0.34,287.49,48.35,39.71,0
0.9,5.86,133.0,2,9.04,0.09,251.41,49.5,50.06,0
1.04,3.0,270.0,2,3.2,1.31,144.39,21.11,23.23,0
2.57,7.6,323.0,2,6.7,1.55,247.17,28.88,20.5,0
1.43,3.42,305.0,0,1.88,1.63,137.86,42.69,49.2,0
2.14,5.49,66.0,1,6.25,0.99,91.78,61.02,44.29,0
2.77,9.36,344.0,1,3.36,0.41,58.35,33.71,44.05,0
3.61,3.56,136.0,3,2.11,1.47,146.43,45.38,37.63,0
0.68,10.55,122.0,1,3.13,1.4,275.89,53.44,38.18,0
4.1,3.03,22.0,0,1.79,0.49,109.75,73.32,46.78,0
3.33,5.22,175.0,2,9.02,1.81,101.63,39.56,23.5,0
0.87,9.67,39.0,3,3.97,0.21,292.46,28.01,27.64,0
4.43,5.85,89.0,3,2.45,1.97,56.25,49.36,53.58,0
4.64,3.92,114.0,1,4.48,1.72,246.45,64.8,25.44,0
0.77,6.24,291.0,3,3.21,1.38,130.34,26.59,37.32,0
1.75,5.43,315.0,2,7.44,1.88,59.37,45.48,45.13,0
4.13,10.58,109.0,3,9.71,1.44,279.45,21.07,60.0,1
3.87,5.82,309.0,2,4.38,0.38,84.91,22.01,31.76,0
1.33,10.1,309.0,0,8.61,0.88,187.94,48.98,31.4,0
1.44,11.03,275.0,0,5.66,0.14,118.51,37.89,52.13,0
2.17,6.9,53.0,2,1.57,0.78,66.3,70.71,50.28,1
2.68,11.19,249.0,1,6.91,1.48,62.48,56.13,46.55,1
3.28,6.4,340.0,3,5.13,0.77,78.89,47.24,33.16,0
2.16,11.68,246.0,1,6.51,0.66,67.84,44.48,26.2,0
2.58,3.8,119.0,3,8.9,1.19,240.14,49.83,40.44,0
3.86,9.18,180.0,0,4.4,1.74,171.39,22.43,53.81,0
0.67,7.44,232.0,0,9.01,0.1,135.72,73.57,54.19,0
1.64,6.49,184.0,0,7.51,0.77,154.59,79.9,15.42,0
3.71,8.69,43.0,3,4.89,0.32,282.24,30.89,31.42,0
4.53,9.33,112.0,0,6.03,1.39,277.69,27.22,33.24,0
2.8,3.04,289.0,0,3.26,0.21,228.92,28.61,58.88,0
2.89,4.5,310.0,0,9.84,1.33,271.17,59.66,43.9,0
0.98,9.42,49.0,0,6.67,0.57,129.91,59.69,30.36,0
2.51,9.0,343.0,1,0.44,0.4,145.28,70.88,11.3,0
2.9,11.69,118.0,0,3.27,1.87,203.43,65.11,38.27,0
1.59,9.85,238.0,0,6.23,0.04,205.91,46.98,14.8,0
1.71,11.56,271.0,1,0.56,0.88,170.42,56.77,51.72,0
2.2,9.32,292.0,1,0.24,0.04,150.16,61.3,47.63,0
0.59,5.68,340.0,3,4.5,0.97,296.55,50.76,33.03,0
1.95,3.95,113.0,2,3.33,1.0,255.28,48.54,31.46,0
1.45,10.04,309.0,0,4.38,0.64,158.75,58.71,54.87,0
1.97,8.8,47.0,0,2.63,0.26,231.82,53.45,24.42,0
1.04,3.43,254.0,0,1.65,0.75,117.39,58.64,22.45,1
4.51,6.24,267.0,3,6.89,1.34,75.04,56.77,56.96,0
3.17,11.61,244.0,0,5.15,1.56,138.11,63.15,50.46,0
3.56,7.5,91.0,2,2.0,1.06,150.74,58.57,51.03,0
4.05,6.89,314.0,1,3.2,1.18,54.13,51.18,19.76,0
2.74,7.12,61.0,3,5.92,0.4,253.7,60.91,17.16,1
0.89,4.88,19.0,1,0.72,0.57,139.8,46.97,11.3,0
2.92,6.32,258.0,0,1.47,0.32,195.1,34.5,21.85,0
3.14,6.33,171.0,0,0.73,0.5,68.49,20.09,48.71,0
3.85,3.47,306.0,0,8.12,0.45,93.75,53.6,22.0,0
2.44,9.91,138.0,2,7.52,1.04,272.42,55.44,46.46,0
1.07,6.75,61.0,2,7.53,1.13,202.17,78.32,22.6,0
1.78,10.4,301.0,3,7.16,1.89,287.57,41.69,29.76,0
2.13,10.65,198.0,1,6.69,0.39,299.69,43.65,59.16,1
3.41,4.91,68.0,0,4.77,1.28,142.97,32.11,22.24,0
3.07,8.92,259.0,0,6.42,1.63,124.7,24.23,28.82,1
2.1,7.25,184.0,0,0.38,1.12,264.59,66.37,25.05,0
4.94,10.92,218.0,0,6.21,0.51,299.65,34.98,15.48,0
3.23,4.94,166.0,2,7.78,0.53,207.41,56.53,34.49,1
1.57,9.1,298.0,1,5.0,0.08,248.79,61.27,28.93,1
0.96,8.47,299.0,1,3.58,0.61,245.44,48.27,44.74,0
1.19,5.66,255.0,3,2.77,1.49,138.83,72.58,50.88,0
1.61,4.23,38.0,2,6.43,0.1,193.57,46.63,37.21,0
1.22,8.86,302.0,0,6.93,0.44,258.26,37.09,11.61,0
1.34,9.65,242.0,1,8.71,1.41,222.03,73.76,40.95,0
1.78,5.84,251.0,1,3.42,1.57,55.29,71.69,12.77,0
1.28,8.8,131.0,2,7.7,0.91,134.18,29.84,40.82,0
4.54,6.56,317.0,3,5.61,1.4,86.12,21.56,44.25,0
0.86,9.42,261.0,3,8.83,0.78,108.24,25.4,19.89,0
2.86,4.79,41.0,0,5.28,0.32,276.37,37.19,50.97,0
2.35,11.01,147.0,3,5.18,0.8,59.22,78.34,55.55,0
4.92,5.59,319.0,1,5.78,1.16,104.95,53.51,50.65,0
1.0,6.31,17.0,3,7.49,1.9,127.39,42.4,25.26,0
2.29,3.52,346.0,0,9.65,0.14,204.22,73.32,39.33,0
4.86,4.0,244.0,1,0.74,1.01,183.53,47.19,55.74,0
4.39,7.64,227.0,3,0.53,0.66,104.57,38.91,26.03,0
4.18,5.41,97.0,3,9.38,1.02,91.06,76.47,51.0,0
1.66,10.52,90.0,2,5.3,0.05,109.2,70.97,10.47,0
1.27,3.13,339.0,0,6.15,0.63,175.63,70.62,10.18,0
3.51,6.41,107.0,3,4.82,1.64,117.79,50.74,47.99,0
4.68,6.04,279.0,2,0.94,1.11,286.9,67.37,48.07,0
3.01,3.17,142.0,1,7.68,0.9,165.97,30.76,49.45,1
3.07,4.12,50.0,2,7.47,0.57,64.7,54.39,56.5,0
1.76,6.72,4.0,2,3.12,0.6,232.32,79.03,15.9,0
3.96,7.44,196.0,3,3.06,0.77,132.21,37.46,21.6,0
1.34,6.64,351.0,3,8.38,1.67,213.37,67.66,55.19,0
1.96,7.78,133.0,3,0.72,1.93,119.9,49.43,18.86,0
2.41,8.36,129.0,2,8.81,0.88,192.69,22.39,44.11,0
2.78,3.09,124.0,1,2.57,0.79,243.04,65.78,36.52,1
1.59,7.18,187.0,0,5.93,1.69,282.0,30.11,14.16,0
1.02,11.67,159.0,2,9.36,0.85,115.28,57.89,24.26,0
3.25,7.67,317.0,3,6.78,1.1,133.71,25.14,36.02,0
1.8,9.1,182.0,0,4.14,0.46,166.07,76.81,52.62,0
3.12,5.81,183.0,1,6.9,1.49,281.79,37.5,45.38,0
1.19,9.97,50.0,0,3.44,1.06,275.35,33.59,41.09,0
2.67,9.96,354.0,3,2.77,1.62,72.47,27.75,34.8,0
2.9,7.69,90.0,2,9.97,1.56,82.98,76.76,24.93,0
0.73,11.78,26.0,2,7.51,0.43,173.88,62.71,15.96,0
2.01,4.13,239.0,3,6.45,1.43,76.65,64.5,30.45,0
1.1,3.15,214.0,2,3.55,1.6,136.4,49.96,11.43,0
0.79,9.93,149.0,3,0.49,0.69,87.1,48.48,20.55,0
4.95,10.26,152.0,2,0.31,0.35,209.01,26.6,31.62,1
1.95,4.08,283.0,2,5.54,0.01,287.37,53.59,30.93,0
4.14,5.39,70.0,2,7.62,0.9,299.18,34.81,12.21,0
1.65,3.16,295.0,1,5.37,0.7,143.81,78.63,39.45,0
3.57,5.64,234.0,1,8.41,1.11,199.75,67.79,37.48,0
3.92,9.96,151.0,3,0.33,0.38,264.07,44.78,13.91,0
3.18,7.66,165.0,1,3.67,1.72,79.37,29.08,57.16,0
2.62,6.13,92.0,3,2.37,0.52,222.39,67.12,14.97,0
2.35,6.35,271.0,0,4.47,0.45,152.21,27.32,52.74,0
2.07,3.01,185.0,0,0.72,0.96,101.54,31.36,10.02,0
4.68,5.7,116.0,1,9.54,1.0,150.69,32.69,54.11,0
4.24,8.82,215.0,0,2.23,0.43,68.99,53.41,10.99,0
4.84,11.77,358.0,0,9.22,0.54,223.85,67.22,47.89,0
1.06,10.62,157.0,2,4.26,0.34,113.19,38.86,28.08,0
3.79,3.21,331.0,2,9.86,1.44,127.85,25.08,46.91,0
4.72,11.09,124.0,3,5.54,1.54,80.27,47.87,30.09,1
1.32,10.05,20.0,0,9.31,0.92,266.16,64.89,13.55,0
0.8,10.02,74.0,3,0.05,1.43,173.36,33.3,48.38,0
3.84,7.12,151.0,3,7.48,1.47,193.04,33.2,13.56,0
3.09,6.58,79.0,0,9.03,0.28,192.36,76.83,56.11,0
4.29,5.73,0.0,1,1.4,1.93,152.62,77.25,12.55,1
1.13,3.59,329.0,0,0.96,1.64,98.13,79.43,33.97,0
4.08,5.05,304.0,2,4.25,0.41,236.28,68.46,46.15,0
1.41,5.22,267.0,0,9.34,0.37,81.76,31.29,29.66,0
1.24,7.36,60.0,1,5.42,0.25,75.97,32.72,20.86,0
1.24,9.73,43.0,3,5.27,0.28,227.54,40.41,47.95,0
4.17,7.26,24.0,3,1.41,1.5,102.21,39.09,49.21,0
3.49,3.52,261.0,2,0.01,0.94,126.69,77.39,56.13,0
2.85,11.62,334.0,2,8.1,1.57,168.81,67.34,28.81,0
2.11,11.48,155.0,2,0.88,1.49,162.34,63.44,35.31,0
4.45,10.07,43.0,3,6.34,1.21,227.14,31.16,28.16,0
2.27,11.92,184.0,2,9.15,1.37,205.86,74.57,22.85,0
4.17,7.9,126.0,0,2.09,0.04,211.1,69.67,47.55,0
2.48,11.66,135.0,3,6.65,0.62,228.51,29.82,26.98,0
2.2,3.68,224.0,1,0.79,1.28,123.15,72.27,31.41,0
2.58,6.29,259.0,3,6.04,0.02,130.58,36.33,30.18,0
1.86,5.03,40.0,0,1.64,0.07,159.5,24.85,45.63,0
3.86,4.76,13.0,0,7.36,1.7,126.87,59.41,55.89,0
2.76,4.27,358.0,2,3.01,1.37,296.23,59.23,43.34,0
1.54,8.6,84.0,3,4.63,0.53,253.51,25.7,33.58,0
4.55,10.03,19.0,3,5.99,1.38,91.16,39.13,48.96,0
2.23,8.2,68.0,3,1.71,1.58,51.4,79.57,42.05,1
2.95,4.32,14.0,1,7.42,0.61,60.7,60.71,13.03,0
4.58,10.3,141.0,2,3.03,0.07,111.02,63.8,14.78,0
3.31,8.72,289.0,0,6.62,1.87,78.57,32.78,11.9,0
1.03,6.49,123.0,0,1.58,0.69,183.33,24.73,32.84,0
4.73,9.07,160.0,2,6.88,0.21,264.5,36.61,51.29,0
3.32,5.34,243.0,0,1.28,0.98,234.19,34.93,25.65,0
2.01,6.11,183.0,0,4.25,1.54,103.9,34.07,29.21,0
1.13,11.26,310.0,2,2.47,0.44,149.82,31.57,55.47,0
4.07,5.61,312.0,0,7.48,0.54,176.97,54.49,51.85,0
3.29,7.23,4.0,3,2.62,0.49,252.55,39.69,43.25,0
2.9,11.01,280.0,1,8.82,1.98,259.78,69.22,23.34,0
4.52,9.37,166.0,2,8.92,0.39,277.43,31.04,15.85,0
4.05,3.56,356.0,1,1.96,1.15,177.31,47.88,10.8,0
1.18,4.33,174.0,0,6.14,1.85,223.57,20.82,15.35,0
1.9,3.07,355.0,0,0.88,0.29,77.95,48.9,24.63,0
1.62,8.68,272.0,3,3.92,1.94,191.32,23.35,37.59,0
3.85,7.03,89.0,2,7.13,1.89,112.17,78.66,13.2,0
0.65,4.21,194.0,0,6.59,1.77,157.93,67.44,16.81,0
3.06,11.62,357.0,2,6.25,0.43,208.51,49.41,19.05,0
3.93,7.77,309.0,2,2.83,1.27,114.25,25.2,41.6,0
4.45,5.18,35.0,2,3.78,1.52,63.05,55.55,40.79,0
2.04,7.51,254.0,2,1.03,1.97,52.56,65.53,37.54,0
4.2,9.12,124.0,2,7.19,0.36,55.54,31.44,22.53,0
1.0,3.69,3.0,1,5.04,1.53,52.09,54.09,28.56,0
4.31,5.47,145.0,3,7.09,0.68,77.59,68.85,14.83,0
1.07,10.26,85.0,2,2.49,0.35,109.87,66.09,21.32,0
2.29,7.14,295.0,1,3.24,0.84,105.31,68.18,54.89,0
4.09,7.92,121.0,0,3.34,1.59,296.7,72.76,58.98,1
1.17,6.9,298.0,2,0.26,0.93,126.5,76.26,42.38,0
1.53,3.4,0.0,0,3.41,1.08,81.86,44.33,55.84,0
3.75,4.49,111.0,2,8.03,1.99,186.39,54.13,42.14,0
3.74,7.01,87.0,1,8.97,0.8,264.49,67.44,11.66,0
3.39,4.88,84.0,1,5.18,1.23,219.52,61.83,59.84,0
3.62,3.45,25.0,1,4.56,0.73,124.02,79.73,14.95,0
2.94,10.59,67.0,3,0.31,0.79,190.4,20.82,44.13,0
1.63,11.83,200.0,0,8.79,1.39,228.71,41.31,22.64,0
2.06,10.14,105.0,3,0.13,1.88,232.03,36.86,29.6,0
1.32,10.68,150.0,2,9.45,1.08,216.63,35.74,42.3,0
4.59,5.18,136.0,0,4.89,1.54,267.7,33.35,31.82,0
3.13,11.65,315.0,1,3.42,0.18,267.53,62.55,22.53,0
2.3,4.77,326.0,0,9.24,0.42,194.73,25.09,26.72,0
2.58,11.56,177.0,1,0.24,1.0,157.46,64.5,27.08,0
4.76,11.95,119.0,3,5.81,0.04,210.39,61.61,57.97,0
1.19,9.41,38.0,3,5.49,0.51,254.55,35.05,49.93,0
3.14,11.83,343.0,1,2.19,1.03,51.41,35.17,32.93,0
2.78,8.13,22.0,1,4.29,0.03,298.0,57.73,19.99,0
3.25,5.34,107.0,2,6.52,0.53,95.72,65.73,50.55,0
0.58,6.93,107.0,3,7.27,1.03,167.56,72.59,17.86,1
4.42,8.34,115.0,3,0.01,1.15,268.01,71.13,20.52,0
4.69,3.66,59.0,2,9.37,1.85,106.26,77.89,28.3,0
3.04,8.6,282.0,3,1.65,1.29,169.2,54.88,54.02,0
3.63,11.83,44.0,1,2.34,0.83,83.15,74.52,16.59,0
4.65,4.71,229.0,0,2.63,1.86,148.77,68.51,16.11,0
3.68,10.13,45.0,0,0.38,1.57,94.28,73.68,34.7,1
1.19,11.17,25.0,3,1.23,0.4,140.91,20.7,23.82,1
3.09,11.49,327.0,2,9.86,0.26,143.37,77.95,38.44,0
3.23,11.64,68.0,1,3.15,1.35,298.29,48.41,32.58,0
2.41,7.69,296.0,0,1.15,1.12,298.7,67.89,31.75,1
3.81,11.8,196.0,1,1.07,1.58,78.7,27.63,15.6,0
4.7,9.82,28.0,3,7.19,1.48,231.49,43.76,17.05,0
4.67,4.46,344.0,3,8.55,1.25,62.94,36.29,51.05,0
2.53,7.29,89.0,0,2.57,1.97,57.55,37.5,54.29,0
1.01,9.46,309.0,3,0.21,1.07,76.33,27.4,21.73,0
4.93,5.23,61.0,2,2.23,0.23,291.37,68.35,15.67,0
4.28,8.77,307.0,3,0.57,1.66,285.22,20.55,12.67,0
1.06,9.0,5.0,3,1.03,0.5,98.48,38.75,40.41,0
4.64,4.46,184.0,3,4.32,1.55,90.42,30.46,45.77,0
4.41,8.09,277.0,1,2.3,1.91,110.13,55.34,28.64,0
2.83,9.94,337.0,1,5.16,1.39,178.89,35.26,43.98,0
3.16,7.49,327.0,0,2.53,1.19,192.43,35.54,45.65,0
2.3,3.11,295.0,0,9.41,0.92,105.4,49.3,56.77,0
0.75,3.08,320.0,0,9.06,0.73,239.16,59.16,13.24,0
2.01,6.21,72.0,3,5.67,0.71,127.39,27.28,19.61,0
4.11,11.34,102.0,1,3.54,1.27,280.53,30.53,13.43,0
0.52,5.06,104.0,2,3.81,1.5,214.18,34.83,53.4,0
2.0,8.71,136.0,3,4.12,1.36,159.09,78.42,49.63,0
2.29,5.0,142.0,3,7.28,0.4,247.48,43.83,38.73,0
2.92,5.9,196.0,3,4.52,0.99,254.48,55.94,14.18,0
4.64,10.63,58.0,2,8.57,1.58,122.62,34.49,23.67,0
2.06,9.56,249.0,0,9.44,0.95,134.93,49.43,24.89,0
2.06,3.86,60.0,2,3.36,1.07,283.99,24.45,38.04,0
3.82,6.86,112.0,0,5.61,1.54,91.19,22.08,22.9,0
2.53,3.26,181.0,2,0.95,1.32,60.54,48.12,13.65,0
1.51,7.33,287.0,1,2.0,0.82,163.51,43.92,46.54,0
2.54,8.96,266.0,3,4.13,1.79,250.3,28.21,24.95,0
1.13,4.07,232.0,3,2.06,0.33,242.92,61.26,32.62,0
1.29,5.6,56.0,3,8.77,1.99,279.88,79.57,16.38,0
2.74,6.58,197.0,0,1.58,0.24,183.3,43.74,50.13,0
2.39,11.28,31.0,2,4.56,0.03,75.02,57.47,38.28,0
4.62,11.94,136.0,1,6.06,1.78,197.17,77.78,55.08,0
2.13,3.4,149.0,2,6.92,0.49,244.6,69.89,34.77,0
3.11,9.85,14.0,3,3.83,1.46,73.33,47.81,57.07,0
3.35,6.35,99.0,1,8.69,1.62,93.16,64.25,54.59,0
0.56,6.53,344.0,1,5.68,1.72,53.07,27.69,38.82,0
3.49,9.79,343.0,3,4.4,1.98,198.41,50.73,56.69,0
1.3,11.27,127.0,2,0.67,0.59,271.68,36.74,26.15,1
4.82,11.56,16.0,3,4.65,1.42,217.67,29.67,28.28,0
1.17,8.19,64.0,2,8.21,0.23,295.51,45.58,12.27,1
2.37,6.21,141.0,1,6.15,0.81,65.76,27.86,39.46,0
0.88,10.09,341.0,1,8.32,1.7,275.75,61.94,46.1,0
4.99,5.26,51.0,3,4.94,0.74,253.52,47.37,48.68,0
2.76,8.08,275.0,1,1.18,1.18,128.56,51.87,17.49,0
3.18,6.23,39.0,0,0.14,1.01,293.38,28.78,32.21,0
0.8,8.91,353.0,1,3.03,1.29,121.98,28.39,18.84,0
3.87,5.16,137.0,0,6.98,1.95,272.33,55.0,43.11,1
1.44,4.72,279.0,1,7.9,0.11,270.19,79.1,17.9,0
4.54,11.26,123.0,3,2.96,1.15,239.41,25.78,55.21,0
1.42,3.92,226.0,3,4.96,1.73,190.87,37.14,21.53,0
1.36,7.55,69.0,0,4.21,0.96,80.0,72.17,24.57,1
0.66,4.99,53.0,3,4.11,0.16,182.99,24.34,52.55,0
2.62,3.35,338.0,1,2.31,1.12,139.2,72.55,32.92,0
3.04,3.32,330.0,1,1.36,0.66,248.05,51.46,11.2,0
0.8,4.58,319.0,3,1.97,0.31,239.53,44.5,34.73,0
3.99,10.8,225.0,1,0.55,1.7,277.65,38.58,14.23,1
2.54,5.54,291.0,2,1.98,1.04,53.71,37.83,59.27,0
2.86,11.55,25.0,2,0.09,1.87,252.28,38.35,39.41,0
2.48,8.23,121.0,1,6.27,1.61,284.62,73.09,22.83,0
2.3,6.93,113.0,3,3.16,1.39,247.33,63.43,38.19,0
3.02,8.22,229.0,0,9.73,0.01,82.55,60.18,13.84,0
1.2,7.65,128.0,3,1.94,0.86,70.32,67.92,49.99,0
1.32,9.83,53.0,0,3.46,0.39,55.21,35.43,56.27,0
4.38,5.54,215.0,3,3.58,1.82,207.19,57.08,53.72,0
4.76,6.18,293.0,1,0.08,0.35,207.42,47.6,27.09,0
2.18,11.05,138.0,2,8.39,0.57,296.73,66.95,26.29,0
1.72,11.52,48.0,3,0.32,1.03,149.51,38.56,11.75,1
3.4,11.03,71.0,0,9.4,0.53,132.98,58.59,42.57,1
2.34,6.78,85.0,2,8.92,0.42,206.11,72.93,36.75,0
0.61,10.02,108.0,0,5.36,1.2,256.4,44.13,32.97,0
1.2,7.29,231.0,1,5.44,0.18,284.19,24.0,55.38,0
3.72,7.48,216.0,2,6.54,0.12,250.78,50.96,18.39,0
3.47,4.84,251.0,0,3.87,0.74,156.67,40.76,10.48,0
0.62,8.32,131.0,3,6.47,1.44,208.73,60.33,13.67,0
1.5,4.68,297.0,1,0.45,1.11,264.07,77.06,21.17,0
1.54,5.98,73.0,1,0.54,0.85,172.65,49.14,11.66,0
3.52,10.7,169.0,1,4.57,1.13,104.17,47.97,35.14,0
0.59,4.86,288.0,3,5.5,0.73,92.43,59.28,25.7,0
0.97,3.64,65.0,3,8.88,1.87,50.04,26.21,19.02,0
4.1,3.62,40.0,2,1.05,0.11,229.56,35.21,47.5,0
1.3,11.47,318.0,3,8.23,1.35,77.77,75.14,20.22,0
3.44,7.56,123.0,2,2.1,1.78,110.96,60.2,44.38,0
1.57,6.68,246.0,1,3.94,1.61,124.47,20.81,27.46,0
0.95,10.3,9.0,2,3.17,0.37,190.09,32.28,35.59,0
1.59,10.52,248.0,0,4.0,0.59,149.49,60.97,56.69,0
3.75,5.99,114.0,1,1.5,1.43,218.67,65.86,11.87,0
4.35,9.24,20.0,1,5.04,0.17,63.91,70.39,35.01,0
4.24,9.94,220.0,2,8.02,1.62,80.98,37.53,52.72,1
2.29,8.89,87.0,1,4.42,1.44,174.8,75.86,39.4,0
3.51,4.36,139.0,3,4.91,1.46,134.24,53.18,23.84,0
1.42,10.88,29.0,0,8.49,0.2,123.95,61.79,29.88,0
1.82,7.85,53.0,2,7.06,1.44,66.76,55.8,44.01,0
4.53,5.54,107.0,2,4.9,1.36,273.93,27.36,54.54,0
0.56,6.83,32.0,1,2.58,1.66,222.95,77.79,12.05,0
0.88,3.34,328.0,3,8.85,0.08,80.4,27.37,13.58,0
1.44,4.15,2.0,1,5.77,0.05,66.26,35.29,26.25,0
0.62,9.89,174.0,1,2.21,0.75,293.72,68.82,21.64,0
1.32,3.0,44.0,2,2.69,0.3,220.29,57.12,23.25,1
3.12,6.75,111.0,1,8.03,1.12,154.36,70.29,21.06,0
2.4,7.7,333.0,0,0.44,1.83,225.43,50.94,19.79,0
4.52,3.49,58.0,1,9.92,0.78,239.08,42.62,16.53,1
4.18,11.76,348.0,1,1.3,1.69,244.99,75.31,56.7,0
2.04,5.04,74.0,2,7.96,0.0,169.47,22.18,17.21,0
1.67,5.74,267.0,1,3.95,0.34,157.47,71.37,20.22,0
2.21,5.74,197.0,3,4.92,0.06,52.76,33.85,22.31,0
3.16,5.07,318.0,2,8.81,0.66,281.64,70.92,56.65,0
1.71,3.01,199.0,1,4.13,1.82,200.83,28.35,47.79,0
3.31,9.56,192.0,0,5.37,0.19,100.79,54.81,49.48,0
2.34,11.7,70.0,0,0.49,1.21,279.9,73.29,15.24,1
2.98,5.02,60.0,2,0.02,0.9,278.73,48.41,51.82,0
2.46,8.97,330.0,2,2.45,1.88,297.3,64.79,30.41,0
1.83,9.68,118.0,1,6.81,0.25,268.51,68.28,23.14,0
4.77,10.64,134.0,3,1.21,0.42,299.45,64.19,38.79,0
3.94,6.8,274.0,1,1.14,0.06,111.17,75.52,51.11,0
1.13,5.73,122.0,0,4.11,0.87,260.56,46.81,48.93,0
4.41,5.93,343.0,3,6.48,0.56,255.76,30.39,54.5,0
2.69,9.41,266.0,3,7.12,1.74,107.74,22.87,56.41,1
4.53,10.35,215.0,3,1.78,1.21,74.61,34.79,21.91,0
4.1,4.63,317.0,1,0.8,1.23,294.86,28.59,31.19,0
2.41,6.34,18.0,0,9.4,1.06,124.01,53.48,10.73,0
0.6,11.12,93.0,2,2.61,0.18,267.72,31.1,53.97,0
1.71,10.26,167.0,1,8.53,0.89,51.03,22.34,17.73,0
2.94,11.86,82.0,2,8.63,2.0,55.26,22.16,53.07,0
3.35,9.79,268.0,3,7.73,1.67,166.47,69.89,26.47,0
1.66,6.54,331.0,3,1.69,1.79,109.68,55.49,28.41,0
1.13,8.32,153.0,1,8.22,1.65,222.46,41.49,11.96,0
4.26,8.95,123.0,0,7.69,0.21,191.39,73.65,26.34,0
4.93,3.71,346.0,3,5.97,0.45,69.37,24.21,54.42,0
2.87,7.9,160.0,2,3.37,0.01,90.66,78.82,11.28,0
1.27,9.38,176.0,2,2.63,0.61,147.01,56.98,30.32,0
1.73,4.51,127.0,1,1.22,0.22,96.4,31.01,11.57,0
0.58,10.03,327.0,2,5.1,0.95,248.06,60.74,28.55,0
4.61,8.25,205.0,0,5.85,1.35,154.02,65.8,18.63,0
1.03,11.57,274.0,3,3.59,1.75,73.36,45.76,22.61,1
3.09,3.38,292.0,2,4.75,1.5,171.09,71.7,53.88,0
1.73,5.39,123.0,2,3.64,1.88,72.71,29.04,31.8,0
2.99,8.41,156.0,3,6.41,0.11,82.23,36.73,23.69,0
3.43,5.67,305.0,1,9.01,0.02,109.9,25.61,39.47,0
4.23,9.43,131.0,2,1.64,1.32,264.88,32.65,17.11,0
1.43,9.83,286.0,1,3.81,0.58,281.15,34.32,22.97,0
0.55,3.92,339.0,1,1.41,0.51,256.56,75.06,37.31,0
1.12,7.62,224.0,2,6.25,0.66,133.52,24.69,21.88,0
4.55,7.58,267.0,0,7.29,0.54,118.11,45.64,43.96,0
4.43,6.32,290.0,1,9.32,1.02,187.29,51.94,34.57,0
3.19,11.4,304.0,2,2.79,0.88,230.46,73.92,48.6,0
3.2,10.45,142.0,1,9.5,1.02,298.34,79.86,57.41,0
3.49,9.27,18.0,3,0.63,1.35,82.89,65.2,15.79,0
1.29,9.43,145.0,0,6.03,0.77,62.32,78.25,26.73,0
4.61,7.16,243.0,0,0.57,0.5,223.59,67.23,25.98,0
2.38,11.29,162.0,3,8.94,0.33,258.06,77.79,17.56,0
2.22,9.25,270.0,3,5.3,0.7,261.59,62.44,50.52,0
2.84,9.56,129.0,1,6.69,1.48,219.62,24.79,47.99,0
0.71,10.76,229.0,3,8.32,1.51,288.5,44.12,34.22,1
1.25,5.47,67.0,0,1.5,1.33,177.75,58.8,36.89,0
3.82,10.26,270.0,3,0.39,0.47,278.45,41.04,12.98,1
0.87,4.76,196.0,2,8.79,1.18,291.95,36.4,37.78,0
3.21,6.11,73.0,2,3.15,1.14,261.79,54.64,49.57,0
1.6,6.02,105.0,1,1.29,0.97,127.44,76.01,38.69,0
2.25,11.81,269.0,0,4.68,1.1,99.05,22.1,23.27,0
1.8,10.71,174.0,2,5.98,0.98,187.03,66.15,43.38,0
2.1,9.31,78.0,3,0.31,1.13,163.25,63.36,28.07,0
3.74,9.54,348.0,2,2.75,1.43,269.44,77.84,37.24,0
1.84,8.06,257.0,2,0.33,0.22,75.01,75.84,34.38,0
3.05,11.52,345.0,1,4.2,1.5,114.44,65.73,29.06,0
2.64,7.47,154.0,3,8.95,0.27,237.95,51.22,45.94,0
3.49,6.42,171.0,3,9.83,0.13,73.75,32.26,54.19,0
4.72,4.47,323.0,3,6.37,1.95,130.19,52.71,10.26,0
3.8,10.08,189.0,1,1.62,1.91,146.79,65.92,56.68,0
1.47,9.61,255.0,3,9.06,0.12,205.65,73.74,35.58,0
0.64,6.46,91.0,3,5.16,0.89,89.53,67.38,45.04,0
1.68,3.23,161.0,2,1.54,0.37,265.15,31.72,52.78,0
3.18,10.55,44.0,2,9.22,0.97,161.89,55.98,33.36,0
0.73,3.1,74.0,3,7.57,1.66,279.26,39.93,51.75,0
2.73,9.33,0.0,0,7.32,1.9,166.97,20.55,18.88,0
3.19,11.73,14.0,0,7.09,1.27,118.76,32.01,17.96,0
2.0,6.94,352.0,3,2.0,0.71,85.46,26.79,42.87,0
3.97,5.11,87.0,0,2.11,1.21,50.94,70.56,53.51,0
0.98,9.34,239.0,1,6.88,0.62,183.04,35.51,54.62,0
0.84,10.35,302.0,2,2.2,1.82,76.79,37.08,42.19,0
3.78,7.92,198.0,1,4.39,1.74,147.93,77.6,36.27,0
2.73,11.7,55.0,2,7.82,1.12,197.32,42.75,26.57,0
3.6,3.47,262.0,0,7.84,0.65,118.92,20.58,59.0,0
2.46,7.54,216.0,0,4.53,0.59,93.81,37.03,25.98,0
1.61,9.47,263.0,3,7.92,0.07,243.68,27.16,47.21,0
4.19,10.76,277.0,0,8.39,1.63,286.7,26.17,36.6,0
4.1,4.61,351.0,0,6.55,0.9,75.11,24.65,40.43,0
3.63,10.2,206.0,3,2.28,0.65,88.9,55.6,29.67,0
1.72,7.97,123.0,3,2.74,0.94,290.0,31.36,58.24,0
3.16,6.57,233.0,2,3.15,1.64,59.45,41.67,38.58,0
2.12,4.19,25.0,0,1.17,0.25,294.41,71.72,56.89,0
0.91,10.79,323.0,2,2.73,1.72,51.16,45.46,10.38,0
4.63,4.42,43.0,2,2.1,1.8,268.42,74.94,38.63,0
1.12,5.79,118.0,1,4.55,1.89,126.83,49.88,45.86,0
4.78,5.61,294.0,0,9.08,0.79,284.65,43.93,47.25,0
2.51,10.84,215.0,0,1.04,0.43,129.24,65.02,55.25,0
1.33,9.05,142.0,1,7.2,0.75,213.58,24.39,10.22,0
2.94,10.17,170.0,2,6.87,0.67,70.01,25.37,10.02,0
4.43,5.25,308.0,0,0.96,0.35,110.58,59.12,33.61,0
3.8,8.62,122.0,2,9.23,1.21,243.42,49.22,11.46,0
4.13,8.15,313.0,1,5.68,0.95,182.17,67.42,58.73,0
3.46,10.5,32.0,3,3.64,1.73,281.99,74.98,21.1,0
3.62,11.15,280.0,2,7.57,0.06,157.19,43.3,33.63,0
4.32,3.11,305.0,0,2.57,1.29,267.45,55.78,13.06,1
1.62,9.07,65.0,3,6.94,1.53,162.24,50.04,36.1,0
2.7,3.47,155.0,2,0.4,1.52,294.81,78.9,29.0,0
1.5,7.94,60.0,2,8.39,1.77,289.96,69.87,12.23,0
4.94,5.59,254.0,3,4.48,1.46,132.28,74.7,26.76,1
4.75,5.76,193.0,3,6.37,1.86,271.48,35.26,29.57,0
0.68,6.18,229.0,3,2.21,0.67,261.9,66.35,59.5,0
3.68,8.59,71.0,0,6.77,1.01,102.67,35.93,20.39,0
4.66,6.01,76.0,0,7.72,0.03,206.07,32.52,37.24,0
1.31,9.59,15.0,2,4.73,0.01,68.17,76.66,59.37,0
3.06,6.64,116.0,2,6.18,0.48,259.18,21.16,49.6,0
4.62,3.62,202.0,1,4.56,0.2,93.64,77.92,59.67,0
0.65,10.05,309.0,0,8.94,0.52,67.7,28.96,58.41,0
3.64,5.57,240.0,2,4.98,0.35,150.05,69.17,34.48,0
1.84,6.89,157.0,3,8.42,0.06,194.23,36.56,44.82,0
4.66,9.17,343.0,3,8.01,1.82,263.73,41.04,15.52,0
4.87,5.99,259.0,0,4.11,0.02,293.56,33.01,32.06,1
4.75,3.51,335.0,3,2.3,1.47,159.87,55.13,50.45,0
2.63,6.37,190.0,1,4.06,0.3,65.11,40.89,35.27,0
4.38,11.5,93.0,2,8.26,1.82,237.28,59.44,45.13,0
4.3,8.78,19.0,2,2.28,1.79,191.29,20.94,47.29,0
1.94,9.04,261.0,2,5.24,1.31,161.97,23.86,22.67,0
4.23,8.69,44.0,0,8.06,1.34,127.32,25.98,53.78,0
0.67,4.79,109.0,3,3.53,0.01,175.6,45.14,32.99,0
3.18,6.77,192.0,1,6.42,1.97,134.67,68.89,20.51,0
1.54,9.76,203.0,0,2.46,1.76,239.25,73.29,53.27,0
1.04,3.91,216.0,2,1.09,1.79,185.97,34.69,30.89,0
0.85,5.5,60.0,1,7.94,1.32,269.21,54.46,47.52,0
3.63,5.49,137.0,2,0.99,0.69,185.89,66.1,37.4,1
2.03,6.89,222.0,2,2.71,1.79,109.57,37.33,29.09,0
3.76,11.82,349.0,0,8.55,0.58,262.77,44.54,50.49,0
0.79,3.61,262.0,2,3.46,1.13,189.3,51.44,39.22,0
1.92,7.67,332.0,1,9.73,0.2,101.71,28.09,29.53,0
2.93,4.61,274.0,2,9.8,1.84,205.88,21.56,15.48,0
4.06,11.74,213.0,3,2.68,0.28,139.43,29.17,54.77,0
1.93,4.02,69.0,2,0.41,0.45,261.1,57.61,11.77,0
3.32,6.63,240.0,0,7.05,1.12,163.32,24.42,53.16,0
4.49,9.64,224.0,1,4.51,1.53,231.61,31.38,28.0,0
3.27,9.34,217.0,0,1.01,1.24,73.88,40.27,41.97,0
1.55,6.8,176.0,3,7.08,0.46,149.01,24.67,56.11,0
0.61,6.12,190.0,2,0.31,0.0,295.81,31.5,17.59,0
4.42,6.58,120.0,0,8.7,1.51,252.12,74.68,38.35,0
0.6,5.38,187.0,0,1.39,1.97,89.99,21.16,48.22,1
4.44,4.85,71.0,0,1.27,1.62,119.44,59.21,47.88,0
2.88,7.35,290.0,0,1.76,0.92,132.45,43.06,36.28,0
4.73,5.42,67.0,3,9.6,1.81,212.59,60.36,41.24,0
4.09,5.59,31.0,3,6.93,0.82,239.25,55.32,47.88,0
4.99,8.91,157.0,2,8.01,1.05,237.38,33.41,52.05,0
2.08,11.72,237.0,2,3.98,0.95,177.47,70.83,48.09,0
3.95,8.43,158.0,1,3.36,0.9,252.71,49.52,27.7,0
2.31,3.69,100.0,3,2.34,1.55,159.27,69.35,59.84,0
2.66,3.68,201.0,0,4.81,1.05,80.97,44.36,31.73,0
3.32,11.56,125.0,0,5.52,0.63,191.11,79.08,11.22,0
4.43,5.68,336.0,1,6.32,0.52,288.08,66.23,28.13,0
4.93,3.83,332.0,0,2.57,0.08,248.25,77.96,16.39,0
3.96,8.39,181.0,1,9.49,1.17,194.68,50.86,16.07,0
2.38,8.61,118.0,2,1.7,0.46,211.7,48.42,24.08,1
2.4,8.84,265.0,3,9.66,0.3,282.64,65.33,12.67,0
3.82,5.41,13.0,1,0.15,1.31,157.09,72.82,44.43,0
1.57,3.14,171.0,0,4.81,1.36,132.85,77.85,13.7,0
1.0,11.69,121.0,1,3.33,1.5,294.31,39.47,20.16,0
2.1,5.26,331.0,2,4.49,1.01,265.86,67.92,14.64,0
1.79,9.08,4.0,0,5.71,1.79,130.76,32.64,13.16,1
1.83,9.36,199.0,2,4.36,1.87,165.95,52.73,23.39,0
1.55,8.49,267.0,2,4.15,1.61,153.77,30.79,38.59,1
0.69,5.82,175.0,1,7.33,1.27,87.27,40.84,58.23,0
0.58,5.44,31.0,2,6.86,0.61,289.45,75.88,53.78,0
4.94,8.38,350.0,0,8.33,1.97,151.08,28.77,53.8,0
2.42,10.79,186.0,2,2.5,0.55,268.83,57.94,18.8,0
2.23,11.52,221.0,2,6.1,0.41,97.34,55.58,23.25,0
3.56,3.95,85.0,1,5.85,0.88,186.97,27.24,13.82,0
1.48,4.39,174.0,2,3.7,0.11,55.99,39.56,48.92,0
4.77,11.5,154.0,3,4.86,1.96,241.06,53.78,13.49,0
4.04,9.63,27.0,1,3.14,1.18,195.23,31.23,37.83,0
0.9,10.95,38.0,1,1.42,1.11,206.4,68.04,22.39,0
2.38,4.82,301.0,0,2.14,1.31,62.93,78.33,22.17,0
4.46,8.29,86.0,0,1.06,0.99,102.76,32.89,59.54,1
4.75,9.31,70.0,0,6.83,0.06,68.58,31.21,47.84,0
2.6,9.12,182.0,0,6.61,1.22,122.23,47.3,51.85,0
3.26,6.67,277.0,3,9.51,1.43,206.86,64.87,38.6,0
1.25,3.14,22.0,1,7.3,0.83,191.55,36.9,53.55,0
4.96,8.25,208.0,2,0.52,1.51,203.04,21.19,42.27,0
1.54,5.28,43.0,0,8.84,0.45,187.31,52.47,57.31,0
4.74,7.05,13.0,0,8.63,0.44,118.26,77.4,24.07,1
3.42,11.62,19.0,0,4.43,0.32,111.13,43.48,39.77,0
3.23,6.59,300.0,2,5.86,0.74,84.26,45.21,44.51,0
2.81,10.56,42.0,0,9.76,1.69,262.27,78.13,29.65,0
1.54,4.7,16.0,2,5.32,1.66,204.12,61.68,53.99,0
1.29,9.05,158.0,1,9.05,0.77,96.63,63.15,58.99,0
1.49,11.79,304.0,1,0.83,1.18,94.3,53.76,34.69,0
1.34,3.92,94.0,1,1.91,1.44,268.26,78.48,29.53,1
4.01,3.07,152.0,3,4.41,0.48,235.68,61.33,33.6,0
2.08,6.9,14.0,2,5.85,0.34,214.85,73.7,52.64,0
0.76,3.83,162.0,0,8.16,1.94,151.72,61.96,42.27,0
4.86,9.74,208.0,0,9.88,1.24,115.49,64.11,12.24,0
4.48,11.23,206.0,0,3.89,1.96,294.86,37.42,37.11,0
4.67,6.91,120.0,0,0.47,0.68,249.31,38.21,10.87,0
4.98,5.33,114.0,3,8.01,1.41,125.44,66.98,48.93,0
1.28,6.91,38.0,0,6.04,0.45,261.89,37.8,26.42,0
2.28,9.51,132.0,3,1.99,0.52,239.73,53.77,33.6,0
3.91,3.08,36.0,2,4.95,1.02,124.27,34.96,49.93,0
3.63,8.31,276.0,1,7.42,0.64,156.64,69.02,12.32,0
1.19,8.52,348.0,0,7.7,0.34,96.49,26.63,17.93,0
4.17,8.74,349.0,1,5.0,0.53,77.76,69.77,29.9,0
1.51,5.18,311.0,2,3.05,0.07,230.69,56.16,21.5,0
1.51,9.43,216.0,2,9.74,1.41,116.88,31.21,26.9,0
2.92,3.82,252.0,0,6.63,0.98,255.01,52.52,59.91,0
3.17,4.79,103.0,2,4.08,0.19,298.9,36.95,51.27,0
3.11,10.9,227.0,1,2.8,0.34,69.15,39.41,54.2,0
0.91,9.65,164.0,0,7.31,0.21,168.26,41.09,56.85,0
4.45,3.12,174.0,3,2.42,1.23,250.52,23.8,27.05,1
1.7,5.24,273.0,0,1.72,0.19,247.24,79.16,24.85,0
1.08,4.93,101.0,1,5.3,1.51,240.0,21.89,21.7,0
4.5,5.44,114.0,0,2.9,0.04,137.25,59.75,51.51,0
4.8,5.23,333.0,0,6.29,0.5,163.46,42.27,43.98,1
4.38,3.56,20.0,1,1.18,1.78,198.74,58.76,21.81,0
4.14,7.13,175.0,0,6.55,1.44,293.49,41.37,28.85,0
3.45,9.59,329.0,0,2.83,0.15,131.89,60.43,35.34,0
2.98,8.46,220.0,1,0.0,1.64,280.79,63.75,36.41,0
0.89,9.06,197.0,2,1.27,0.99,117.34,61.43,54.44,0
2.34,3.73,90.0,1,9.34,1.69,297.27,26.84,29.03,1
2.18,11.56,124.0,0,8.67,1.2,217.57,59.41,55.43,0
1.67,10.55,307.0,3,2.34,1.36,165.88,36.8,32.07,0
3.76,10.25,201.0,3,7.78,1.99,203.35,21.73,47.32,0
2.73,10.41,185.0,1,6.09,0.46,118.13,44.89,56.51,0
0.86,11.39,36.0,3,9.71,1.25,118.54,46.01,55.38,0
1.49,7.9,6.0,0,3.74,0.92,78.39,48.03,12.85,0
3.57,4.8,347.0,0,6.81,0.08,78.51,62.29,20.29,0
0.84,8.55,136.0,1,0.64,0.03,136.92,38.53,33.85,0
4.33,9.69,217.0,0,3.96,0.24,240.71,38.92,31.58,0
2.73,9.64,29.0,2,9.64,1.3,201.99,23.63,42.04,0
2.66,7.69,246.0,0,5.39,1.13,75.65,61.21,57.24,0
3.17,3.62,336.0,1,2.88,1.11,263.06,54.07,15.62,0
4.21,6.34,207.0,2,1.2,0.06,200.34,40.97,32.59,0
2.07,11.29,45.0,2,7.04,0.94,290.21,62.31,19.62,0
3.55,8.26,209.0,3,6.45,1.85,217.55,52.24,54.71,0
3.05,7.84,276.0,0,3.74,0.8,93.79,48.15,58.23,0
1.7,5.42,146.0,1,9.51,1.25,168.45,50.68,33.94,0
4.45,6.32,317.0,3,0.22,1.56,212.12,58.18,15.2,0
4.09,11.06,234.0,3,3.04,1.57,57.07,59.6,49.26,0
3.46,9.0,324.0,0,9.21,1.04,53.73,37.34,44.86,0
4.33,10.09,224.0,0,3.21,1.72,82.35,28.44,27.73,0
4.4,7.09,47.0,1,2.52,0.78,112.92,29.4,54.37,0
3.69,8.67,111.0,3,5.34,1.78,157.39,58.36,58.79,0
4.27,5.24,73.0,1,8.24,0.48,171.86,72.37,37.89,0
3.64,9.35,327.0,3,1.03,0.56,84.51,44.57,38.29,0
3.56,6.85,274.0,3,9.43,0.11,218.35,30.17,24.88,0
3.28,6.98,244.0,3,7.95,1.59,199.03,65.4,39.23,0
3.89,8.84,108.0,0,1.81,0.83,123.62,69.95,31.98,0
1.21,11.43,66.0,3,7.12,0.46,53.41,72.83,25.11,0
4.46,3.58,272.0,3,3.85,0.46,69.41,56.41,13.36,0
4.42,10.42,171.0,3,4.02,1.8,147.92,71.64,22.64,0
0.63,5.63,81.0,2,7.83,1.67,88.49,20.92,19.89,0
4.22,7.0,222.0,0,9.63,1.11,144.2,26.43,37.1,0
1.08,3.2,15.0,2,1.27,1.23,207.05,25.55,40.08,0
2.01,5.71,117.0,0,4.21,0.95,186.81,62.76,40.43,0
3.85,7.52,169.0,1,4.81,0.78,107.79,24.17,29.41,0
1.22,3.51,53.0,2,3.76,1.83,135.96,49.78,31.06,0
4.18,7.42,354.0,1,3.63,0.25,203.51,48.36,51.71,0
4.24,11.34,75.0,3,0.52,0.84,265.21,38.64,33.81,1
2.78,3.95,47.0,1,6.86,0.69,238.3,72.22,59.39,0
0.53,9.88,73.0,1,4.36,1.0,188.35,30.23,31.98,0
1.79,6.69,277.0,1,1.95,0.92,140.57,41.15,42.48,0
3.28,8.9,153.0,1,8.16,1.04,141.26,66.45,12.52,0
4.92,5.34,204.0,0,8.03,0.28,269.85,21.83,42.67,1
3.34,4.44,8.0,2,4.86,1.03,59.81,60.38,52.57,0
1.67,4.44,12.0,0,2.98,0.48,297.0,68.98,57.12,0
3.35,3.63,160.0,0,6.38,0.37,216.09,75.94,59.87,0
2.93,4.67,294.0,0,2.88,0.13,220.28,72.58,24.11,1
4.01,8.98,319.0,1,2.36,1.53,59.5,39.16,38.77,0
0.98,10.94,31.0,0,7.31,0.85,201.38,55.18,32.54,0
3.92,10.33,194.0,2,0.4,1.25,171.19,24.64,38.19,0
2.94,9.17,329.0,0,0.95,1.46,76.44,35.47,17.87,0
4.83,3.99,140.0,3,0.07,1.36,119.48,25.65,52.81,0
2.04,5.6,299.0,1,1.53,0.94,272.58,38.91,55.48,0
3.35,5.79,48.0,3,0.69,0.78,187.5,72.51,32.48,0
4.69,5.25,337.0,2,9.96,0.75,153.35,40.83,24.02,0
0.96,7.64,271.0,2,2.89,1.28,68.17,53.71,17.04,0
4.72,7.82,339.0,2,1.49,0.99,228.53,46.0,44.19,0
3.6,6.21,244.0,2,2.41,1.7,225.71,47.53,25.61,0
0.81,6.18,131.0,0,9.36,1.75,203.51,78.17,55.48,0
1.85,10.46,338.0,1,5.2,0.34,177.57,37.77,43.55,0
3.69,10.1,99.0,2,3.65,0.27,158.45,57.64,42.28,1
0.8,5.77,120.0,3,8.73,1.26,198.32,45.2,37.97,0
3.12,11.22,252.0,2,3.95,0.6,108.35,23.67,12.29,0
2.06,11.58,276.0,1,3.35,0.04,285.31,49.36,56.6,0
3.29,5.94,335.0,3,2.07,1.78,197.2,68.8,41.4,0
0.71,6.19,74.0,3,3.78,0.45,127.8,25.93,59.7,0
4.42,7.55,287.0,3,3.17,1.86,162.42,24.18,36.87,0
4.88,11.47,266.0,0,6.77,1.43,251.42,29.22,45.51,0
4.86,10.89,23.0,2,2.9,1.53,90.4,65.86,12.81,0
3.87,3.92,139.0,0,5.77,0.4,123.21,63.44,41.59,0
1.09,6.53,102.0,3,0.66,0.47,219.88,53.9,48.23,0
3.91,7.98,110.0,0,1.91,1.04,128.87,48.09,48.93,0
0.61,7.53,354.0,0,4.07,0.34,248.13,73.3,48.51,0
0.6,4.74,231.0,0,9.37,0.61,82.61,66.0,21.31,1
1.96,10.73,258.0,2,3.77,0.64,240.67,68.72,58.77,0
2.7,9.09,352.0,3,6.64,0.32,67.09,68.8,59.76,0
3.97,10.54,136.0,3,2.55,0.41,53.15,58.56,13.78,0
3.57,10.73,289.0,2,1.27,1.58,274.56,47.48,56.82,0
2.51,9.74,156.0,0,0.59,0.33,195.33,71.88,24.47,0
1.73,6.95,313.0,0,3.05,0.06,137.96,75.56,44.46,0
4.99,8.49,65.0,1,1.58,1.26,108.15,21.43,26.91,0
2.42,4.44,341.0,1,1.74,1.95,204.22,23.09,58.39,0
2.53,9.06,79.0,1,7.61,0.66,177.25,77.52,15.08,0
1.24,4.61,117.0,2,0.16,0.24,297.9,36.63,34.89,0
4.08,9.25,272.0,3,5.58,1.14,295.8,72.4,31.4,0
3.62,5.07,142.0,1,3.79,1.81,208.76,43.33,26.3,0
1.49,4.06,219.0,3,5.07,1.57,160.72,27.15,42.28,0
0.87,4.49,160.0,3,5.63,1.25,172.79,24.83,16.55,0
3.56,3.02,267.0,3,3.13,0.63,220.62,29.39,45.83,0
3.45,9.47,82.0,2,2.95,1.08,75.39,34.99,59.03,0
1.73,9.59,21.0,2,7.33,0.18,132.09,49.31,50.23,0
4.78,7.63,108.0,2,8.71,1.36,68.82,62.09,53.0,0
1.18,4.45,171.0,2,1.93,1.45,68.34,79.18,27.98,0
2.45,3.75,60.0,1,0.98,1.93,98.96,46.49,26.24,0
4.75,3.17,128.0,0,8.98,0.52,171.31,51.09,35.85,0
2.39,4.49,144.0,0,3.5,0.04,246.19,51.31,12.29,0
3.37,11.02,21.0,0,5.51,1.09,171.37,52.37,57.27,0
2.29,5.17,210.0,1,3.6,1.41,133.87,51.06,17.19,0
1.73,6.19,318.0,0,1.26,1.58,70.59,20.53,55.15,0
4.93,3.95,55.0,1,5.89,0.39,187.57,20.1,14.18,0
2.34,5.0,215.0,1,5.25,0.52,117.82,25.86,51.13,0
4.52,7.67,239.0,1,2.03,1.03,203.73,26.09,17.6,0
1.53,8.47,151.0,0,4.52,0.66,294.3,62.29,11.91,0
1.46,5.21,252.0,3,7.97,1.72,77.83,32.29,45.97,0
0.64,3.52,148.0,0,5.9,0.95,103.03,73.68,24.01,0
3.43,6.52,182.0,0,0.97,1.6,168.27,75.72,45.72,0
2.16,5.11,3.0,2,5.48,1.16,292.15,78.55,37.75,0
4.39,4.98,249.0,1,7.03,1.55,242.95,76.34,15.44,0
2.63,11.64,238.0,3,7.93,0.67,274.56,36.31,56.61,0
4.86,8.55,14.0,2,6.29,1.66,133.43,50.59,32.62,0
1.33,8.01,133.0,3,1.53,0.55,298.01,30.53,46.72,0
4.41,6.74,352.0,3,7.1,1.09,75.71,68.37,35.05,0
3.99,6.86,151.0,1,6.77,0.43,63.24,73.31,40.22,0
3.97,7.87,181.0,0,0.24,0.95,263.9,71.08,25.14,0
4.3,9.27,328.0,1,4.12,0.64,281.82,46.0,20.02,0
3.92,9.32,258.0,1,3.33,0.53,72.65,65.52,37.13,0
3.32,4.55,210.0,2,6.69,1.93,78.36,25.85,32.01,0
1.09,7.5,287.0,1,2.16,0.32,58.29,22.41,29.51,0
0.65,6.71,311.0,0,5.91,1.57,76.13,65.19,43.63,0
4.64,10.83,164.0,3,9.13,1.97,102.35,45.52,44.53,0
3.27,8.68,171.0,1,7.98,0.04,292.52,79.73,12.3,0
4.08,7.79,139.0,3,9.21,1.4,216.97,25.84,26.94,0
2.67,4.04,348.0,1,9.79,0.51,244.64,71.34,30.59,0
1.03,8.45,251.0,3,0.11,0.08,244.03,48.8,14.84,0
1.06,4.05,30.0,1,6.23,0.81,183.77,69.63,21.8,0
3.59,6.03,311.0,2,4.13,1.87,249.37,69.03,12.58,0
2.44,4.29,173.0,3,8.6,0.02,198.95,74.96,59.81,0
1.4,9.23,25.0,1,2.52,1.18,128.64,37.87,46.83,0
2.71,4.86,198.0,1,9.81,1.0,190.28,76.99,14.37,0
0.79,6.53,150.0,2,6.14,1.75,183.38,29.1,11.01,0
3.12,11.06,316.0,2,7.94,0.17,255.86,24.92,45.96,0
1.71,4.84,73.0,2,0.86,1.36,295.43,45.9,31.96,0
4.09,7.57,298.0,3,1.83,1.36,152.76,69.7,49.34,0
1.9,6.77,201.0,3,7.58,1.34,240.85,48.41,56.17,0
2.55,3.16,20.0,2,0.22,1.88,74.94,69.76,39.97,1
0.55,10.13,350.0,0,8.17,1.65,244.21,63.78,19.36,0
0.83,3.62,185.0,0,0.14,0.08,142.85,32.57,49.11,0
2.27,7.27,105.0,1,6.57,0.94,59.85,76.93,57.79,0
2.66,8.05,169.0,0,3.65,0.8,140.81,23.65,39.01,0
3.2,8.66,309.0,1,6.11,0.62,202.66,73.9,44.1,0
1.81,9.2,110.0,3,6.96,0.9,79.81,38.27,26.87,0
3.63,5.28,69.0,3,3.42,0.77,281.01,50.01,29.08,0
4.37,3.09,46.0,0,1.08,0.86,69.42,45.34,46.73,0
4.01,9.51,107.0,3,0.7,1.96,282.5,30.31,56.39,0
0.68,7.82,281.0,2,5.89,0.18,226.78,41.49,41.45,0
2.66,10.53,170.0,2,5.21,1.84,132.43,31.58,49.49,0
0.97,10.39,82.0,0,7.42,0.96,147.69,32.23,18.58,0
1.59,10.59,60.0,0,5.1,1.25,235.2,31.22,20.6,0
4.94,7.37,120.0,1,4.22,1.66,200.37,49.34,36.6,0
1.14,6.0,338.0,3,3.98,0.72,217.91,67.88,18.83,0
2.74,10.12,123.0,1,0.26,0.86,147.29,54.14,41.75,0
3.28,7.06,356.0,1,3.36,0.82,171.95,73.59,24.58,1
3.66,4.65,175.0,2,9.76,0.75,297.47,58.19,49.58,0
3.02,10.69,64.0,2,8.74,1.85,103.48,61.36,50.41,0
0.54,10.94,321.0,2,3.29,1.66,154.46,60.06,33.19,0
1.97,7.2,166.0,2,5.88,0.22,122.96,46.97,19.04,0
2.83,3.68,255.0,1,8.47,0.22,241.28,61.36,42.34,0
0.9,6.49,354.0,2,4.41,0.86,241.0,24.18,59.64,0
2.08,10.23,18.0,3,0.18,0.2,123.11,71.59,41.13,1
0.65,11.12,35.0,2,0.75,1.24,70.35,66.67,11.79,0
0.85,4.83,259.0,2,5.1,0.29,52.86,34.71,10.86,0
2.29,3.6,101.0,2,9.69,1.04,156.86,66.08,26.02,1
1.1,10.9,66.0,0,6.93,0.01,152.58,20.76,19.79,0
3.05,6.5,14.0,3,0.71,0.63,297.1,33.03,50.65,0
3.6,7.88,8.0,3,1.89,1.35,167.45,23.91,52.24,0
4.1,11.71,279.0,1,7.71,0.97,114.1,66.81,22.93,0
1.4,3.6,48.0,1,8.41,1.96,272.81,65.35,26.28,0
1.25,8.83,168.0,2,6.18,1.75,172.77,68.82,21.81,0
0.97,3.67,218.0,0,6.44,0.72,199.79,20.27,55.42,1
3.36,6.38,154.0,1,0.28,0.09,73.92,50.07,35.13,0
3.68,10.23,10.0,1,8.29,1.69,145.73,62.29,42.81,0
0.64,6.9,282.0,2,7.88,1.82,286.06,29.32,30.77,0
4.71,11.97,4.0,2,2.59,1.64,197.38,58.99,41.55,0
0.73,8.03,274.0,1,7.09,0.26,136.13,25.05,29.29,0
2.94,5.89,322.0,1,2.15,2.0,206.42,30.88,26.98,0
3.69,4.98,156.0,3,0.4,0.52,277.6,48.55,41.72,0
4.42,6.15,193.0,0,2.01,1.45,118.5,59.21,39.55,0
3.71,6.35,172.0,3,1.79,1.82,176.28,28.75,24.68,0
4.11,3.62,140.0,1,3.38,0.47,289.67,31.11,17.47,0
2.03,6.33,319.0,3,4.18,1.82,93.1,32.27,28.43,0
4.17,7.18,322.0,3,5.09,0.62,229.92,34.32,30.76,0
0.86,9.5,121.0,1,4.77,1.95,203.62,33.59,41.43,0
4.53,8.91,221.0,2,2.71,0.56,219.92,43.71,55.73,0
2.96,9.38,334.0,1,0.29,1.91,137.8,59.23,11.81,0
4.18,3.08,346.0,2,6.05,0.11,128.47,46.28,22.18,0
2.54,4.96,183.0,1,3.96,1.42,221.05,66.56,19.69,1
3.4,8.96,163.0,1,2.99,1.06,103.89,63.16,35.11,0
2.87,7.36,100.0,1,8.67,0.96,154.91,27.59,31.49,0
3.79,3.05,345.0,0,7.47,0.45,97.04,22.93,46.45,1
0.87,10.24,51.0,2,8.58,1.41,52.08,72.68,22.12,0
0.77,9.96,209.0,0,4.95,0.38,292.51,24.79,39.72,0
1.61,7.94,102.0,1,1.31,1.11,157.93,28.9,54.19,0
1.22,3.6,100.0,3,6.96,0.51,292.34,21.33,55.53,0
4.42,9.9,146.0,0,2.06,1.91,85.08,57.7,57.94,0
1.49,8.25,360.0,2,4.41,0.06,196.84,54.94,48.66,0
4.89,10.04,20.0,1,0.65,0.4,100.24,79.21,55.3,0
2.02,9.77,208.0,0,8.25,0.48,247.52,73.22,21.73,0
1.32,10.23,30.0,3,1.26,0.83,245.93,44.65,19.88,0
4.05,7.66,56.0,0,9.03,0.47,78.15,42.3,10.32,0
3.46,4.26,158.0,2,8.64,0.98,278.02,37.81,45.34,0
2.74,9.04,184.0,0,4.65,1.74,98.66,29.14,56.87,0
3.0,8.58,93.0,3,7.44,1.42,203.24,28.29,19.35,0
3.74,9.68,114.0,3,6.19,1.16,296.41,27.94,41.85,0
1.53,4.53,31.0,2,8.03,0.18,270.6,26.85,47.32,0
4.98,4.75,109.0,3,4.32,1.39,289.14,34.43,56.38,0
4.89,11.01,348.0,1,7.86,0.33,135.65,38.4,42.34,0
3.43,9.75,340.0,3,4.62,1.57,76.39,77.69,58.51,1
1.4,11.17,121.0,1,9.41,0.5,97.09,54.71,27.23,0
3.56,9.83,206.0,0,4.86,0.83,175.12,79.26,27.5,0
0.82,8.37,327.0,1,4.63,0.7,248.31,42.35,37.15,0
0.64,8.89,2.0,1,7.85,1.72,87.54,47.46,29.18,0
1.66,11.0,292.0,0,8.22,0.25,214.93,39.47,10.07,0
2.58,8.21,341.0,3,5.54,1.13,130.89,30.97,46.59,0
4.41,8.69,33.0,1,1.8,0.28,135.3,28.59,47.59,0
3.77,4.41,58.0,3,4.68,1.41,215.48,76.7,47.35,0
3.84,7.27,346.0,0,9.68,1.81,166.75,79.21,27.25,0
2.41,9.45,194.0,2,7.53,0.87,253.01,22.69,36.11,0
2.06,5.44,5.0,3,8.11,0.98,88.98,29.02,28.0,0
2.17,4.82,93.0,3,0.33,1.85,247.49,45.41,10.8,0
4.94,5.82,162.0,2,4.68,1.04,66.06,31.18,38.12,1
0.68,5.17,249.0,2,6.47,0.98,98.51,41.83,16.19,0
4.4,4.93,264.0,0,8.3,1.16,214.04,27.75,14.0,0
3.1,6.82,358.0,3,0.49,1.38,263.73,47.39,47.77,0
2.47,11.17,104.0,3,8.52,0.21,113.17,36.3,10.48,0
3.76,7.56,194.0,0,5.48,1.64,131.8,41.11,57.95,1
2.69,4.69,192.0,3,1.97,0.87,184.28,25.66,35.76,0
4.43,3.69,146.0,1,3.17,0.14,102.89,45.69,59.15,0
4.55,9.27,61.0,1,2.82,1.57,252.79,79.0,12.9,0
2.4,6.45,352.0,1,5.31,0.75,243.41,39.73,39.18,0
1.75,10.4,307.0,3,0.52,0.2,86.32,72.59,27.47,0
3.17,8.94,179.0,1,1.59,1.27,165.96,70.59,52.17,0
4.61,10.17,217.0,1,8.13,1.76,243.71,77.12,28.06,0
1.45,5.45,82.0,0,1.33,1.78,134.33,67.41,23.02,0
3.3,9.23,196.0,0,2.33,1.92,208.28,59.58,52.88,0
3.34,5.38,250.0,2,4.53,1.74,62.55,71.4,28.73,0
3.8,11.45,185.0,2,5.17,0.0,202.17,24.54,10.84,0
1.09,8.73,357.0,2,7.64,0.76,88.16,47.77,29.51,0
3.72,5.92,220.0,2,4.47,1.64,257.65,79.36,42.73,1
4.59,5.43,134.0,0,7.9,0.73,138.86,66.18,22.72,0
1.31,4.72,278.0,0,6.18,1.2,120.39,77.72,31.6,0
1.57,9.25,61.0,0,1.13,1.21,260.22,66.78,12.84,0
4.87,4.97,138.0,1,1.56,0.73,62.54,72.49,39.4,0
1.31,8.36,125.0,1,4.37,1.81,149.15,62.39,47.81,0
4.34,5.38,155.0,2,3.97,1.01,142.5,65.63,30.67,0
2.72,8.96,281.0,1,7.44,0.93,121.2,51.39,31.01,1
1.61,10.33,174.0,3,5.81,2.0,277.94,75.45,14.41,0
4.42,10.0,286.0,0,3.88,0.99,237.73,69.5,20.1,1
2.5,9.85,208.0,2,1.71,0.36,65.98,70.63,17.73,0
2.82,4.69,123.0,2,2.27,1.03,228.67,60.38,34.08,0
2.12,3.8,292.0,3,5.76,1.63,181.82,38.27,36.46,0
3.17,9.29,86.0,1,4.23,1.55,275.22,22.14,57.45,0
1.24,6.32,81.0,2,5.15,1.58,128.24,76.14,13.66,0
2.26,6.89,182.0,1,1.71,1.42,193.54,55.17,39.99,0
4.86,3.28,94.0,1,6.63,0.51,175.19,37.89,36.32,1
1.66,5.34,3.0,3,8.53,1.72,172.39,28.95,35.81,0
3.46,3.3,233.0,2,2.58,1.79,164.03,69.77,53.66,0
1.96,10.91,184.0,1,4.92,0.39,101.41,70.19,20.28,0
3.98,5.19,160.0,1,9.76,0.26,238.93,68.87,12.04,0
1.09,8.02,348.0,3,3.33,1.95,162.83,58.7,43.61,0
4.86,3.35,206.0,3,5.95,1.74,289.63,41.96,27.26,0
2.54,9.0,311.0,1,0.9,1.79,115.2,38.24,10.88,0
1.56,5.91,50.0,3,6.06,1.77,220.69,20.51,22.57,0
0.83,11.08,205.0,1,0.9,1.08,285.18,70.02,25.47,1
1.26,10.99,312.0,2,9.59,1.29,215.86,25.25,40.84,0
2.84,5.93,210.0,0,7.16,1.09,267.82,57.85,18.63,0
2.02,11.11,258.0,3,7.88,0.1,256.87,50.24,30.65,0
4.23,11.97,134.0,0,7.04,1.49,140.03,51.6,34.12,0
2.44,10.43,33.0,1,5.9,1.01,200.03,75.6,32.96,0
1.62,10.6,165.0,1,4.5,1.3,89.07,21.9,58.7,0
3.28,5.24,142.0,1,8.58,1.01,183.88,66.4,12.28,0
3.68,8.19,312.0,0,9.57,0.98,107.61,23.12,57.55,0
1.25,3.61,88.0,1,4.99,0.34,235.93,22.29,39.1,0
1.25,3.85,348.0,3,9.32,0.56,182.01,45.79,49.79,0
0.67,11.99,345.0,2,5.83,0.32,152.81,23.78,31.52,1
3.81,5.94,89.0,2,5.38,0.39,117.2,67.35,32.69,0
3.49,9.73,125.0,3,4.54,1.95,299.67,51.77,53.97,0
2.64,10.26,322.0,2,2.09,0.31,67.93,21.74,54.8,0
4.3,10.72,348.0,0,0.04,0.54,60.89,22.43,21.93,0
4.13,11.98,160.0,1,2.42,1.18,104.31,56.76,19.96,0
3.13,5.17,116.0,1,5.1,1.22,292.77,68.37,34.81,0
4.41,3.36,189.0,1,3.8,0.31,294.81,46.27,55.01,0
1.43,6.7,248.0,0,4.48,1.59,213.73,53.27,26.12,0
1.0,4.17,98.0,0,9.81,1.57,270.03,67.99,42.6,1
1.71,3.2,265.0,0,3.5,0.47,103.49,56.63,45.41,1
0.76,6.24,19.0,3,4.52,0.58,293.01,33.49,48.93,1
2.89,10.05,18.0,0,1.34,1.88,85.7,56.78,38.2,0
4.71,8.1,139.0,2,0.48,1.65,75.28,57.7,30.12,1
0.68,5.82,127.0,3,7.75,1.4,78.05,64.05,58.35,0
1.05,8.89,114.0,3,5.71,0.16,193.28,57.25,40.57,0
2.53,5.09,177.0,3,7.61,0.84,245.24,78.15,46.43,0
4.7,3.13,115.0,0,1.5,1.12,141.67,31.84,27.25,1
1.92,9.88,69.0,3,5.72,0.37,294.47,77.07,43.5,0
2.78,8.61,111.0,0,2.54,0.9,158.61,52.3,22.89,0
0.69,9.86,351.0,0,2.28,1.2,87.61,60.32,22.25,0
1.17,3.35,148.0,3,0.12,0.65,166.49,25.97,45.74,0
4.94,10.53,160.0,1,1.3,1.56,219.76,42.83,36.07,0
4.84,8.58,208.0,1,3.09,1.68,258.06,66.16,44.16,0
0.52,8.07,354.0,3,1.17,0.65,164.69,62.41,23.47,0
4.78,8.62,87.0,1,9.86,1.68,198.4,22.41,39.94,0
3.38,10.78,245.0,2,3.09,0.21,116.84,52.8,32.2,0
4.41,8.28,258.0,2,1.3,1.68,211.48,25.3,39.85,0
2.55,8.23,219.0,0,1.99,0.31,296.49,79.75,24.54,1
2.82,11.92,32.0,1,5.88,0.17,62.26,73.84,45.77,0
2.7,9.81,244.0,2,0.64,1.28,271.63,21.26,50.3,0
3.5,6.98,23.0,3,8.62,0.94,190.57,71.52,23.0,0
1.13,9.37,215.0,1,9.61,1.82,113.02,75.17,25.03,0
0.63,6.5,266.0,2,2.47,0.73,288.72,41.21,43.06,0
1.89,5.06,76.0,2,4.5,0.57,170.84,63.17,44.78,0
3.67,8.37,303.0,3,0.22,1.0,132.92,46.53,45.2,0
1.41,11.35,11.0,0,6.41,0.91,95.37,59.31,44.13,0
3.53,11.36,304.0,3,4.14,0.69,111.11,40.42,29.64,0
4.86,6.08,166.0,0,2.7,1.39,258.21,39.35,29.74,0
0.92,7.75,78.0,2,2.07,1.52,203.6,45.47,22.74,0
3.53,4.9,48.0,0,6.54,1.71,278.31,28.73,17.84,1
2.5,11.96,343.0,2,4.16,1.95,107.99,69.87,44.63,0
4.41,11.83,26.0,2,1.8,0.53,80.28,40.92,14.66,0
1.3,8.85,72.0,1,6.89,1.43,51.52,44.01,56.89,0
3.62,10.24,125.0,0,5.65,0.79,176.97,73.64,51.33,0
4.27,9.44,223.0,0,8.59,1.35,299.58,49.8,52.88,0
4.75,8.34,196.0,0,1.17,0.95,223.74,52.66,55.33,0
3.57,3.48,45.0,3,7.86,1.99,127.1,77.39,30.43,0
2.74,7.09,104.0,1,6.74,1.46,269.21,73.2,52.34,0
3.28,9.07,86.0,1,1.15,1.9,245.43,30.17,17.9,0
4.41,9.1,77.0,1,6.95,1.67,53.85,48.39,11.08,0
3.07,6.36,148.0,3,4.42,1.81,254.22,78.28,49.24,0
0.64,11.48,253.0,0,9.45,1.63,125.13,42.34,13.74,0
4.69,4.51,78.0,0,1.42,0.92,87.42,42.29,59.43,0
3.6,7.5,132.0,0,6.43,0.5,106.58,31.7,43.74,0
3.54,9.22,141.0,1,3.82,0.74,167.14,26.86,47.67,0
1.47,9.27,352.0,1,9.57,0.04,156.22,64.42,22.29,0
3.46,8.84,344.0,2,3.3,1.05,122.22,66.2,43.69,0
2.27,5.48,288.0,3,9.62,1.01,93.05,78.14,12.16,0
3.43,4.41,87.0,3,9.01,1.05,240.56,66.41,51.89,0
0.98,8.72,24.0,1,2.7,1.95,297.53,34.6,18.48,0
3.46,8.39,114.0,2,8.04,1.82,244.45,22.41,44.87,0
5.0,4.61,96.0,0,9.96,0.32,123.98,79.13,21.22,0
0.72,9.35,182.0,1,2.53,0.74,111.2,40.43,13.42,0
4.9,7.1,280.0,3,4.37,0.85,104.42,38.72,34.07,0
2.33,9.01,309.0,3,5.2,0.72,84.17,74.36,18.46,0
4.42,10.54,304.0,3,2.95,1.6,187.83,55.11,46.47,0
4.02,4.53,129.0,0,0.15,1.05,201.35,32.89,21.88,0
3.05,3.17,247.0,3,2.2,1.14,226.38,73.35,27.12,0
3.82,10.01,113.0,0,2.82,1.71,220.05,79.6,38.37,0
4.45,8.49,22.0,0,4.44,1.61,123.08,25.2,24.25,0
2.32,9.3,253.0,0,1.71,0.26,132.58,71.74,28.9,0
1.97,10.54,4.0,1,8.73,1.43,220.38,43.43,50.78,1
3.5,10.23,147.0,0,7.05,0.87,137.36,51.44,18.96,0
4.14,11.65,119.0,2,0.85,0.59,103.16,74.89,14.11,0
3.93,7.82,250.0,3,6.5,0.1,143.58,78.4,26.42,0
4.09,7.4,276.0,1,6.54,0.97,118.02,35.73,31.22,0
2.46,6.62,109.0,3,9.56,0.71,72.08,32.77,37.13,0
4.18,4.38,292.0,0,0.03,0.5,257.53,24.83,28.62,0
1.04,8.15,106.0,1,2.48,1.39,263.28,53.71,49.5,1
2.95,5.49,161.0,2,9.28,1.54,104.94,20.82,11.97,0
0.53,11.29,262.0,0,9.32,0.49,66.19,44.71,31.59,0
1.96,8.25,249.0,3,7.21,0.1,234.71,24.4,29.11,0
2.15,8.34,355.0,2,7.66,1.7,102.88,44.31,42.38,0
2.28,6.19,81.0,0,0.91,0.02,148.36,22.4,58.31,0
3.63,3.47,238.0,2,5.14,1.87,66.03,70.11,35.52,0
2.25,3.29,219.0,0,2.32,1.26,106.57,32.58,59.34,0
2.52,6.81,329.0,1,1.81,0.64,248.23,39.7,25.11,0
1.57,3.76,56.0,0,8.1,0.49,251.1,72.2,11.54,0
2.18,8.46,271.0,1,1.35,0.02,101.77,64.78,18.28,0
1.52,10.93,205.0,0,4.69,0.47,133.98,33.14,29.76,0
0.83,10.95,99.0,0,9.39,0.28,83.56,24.31,25.82,0
3.22,8.93,171.0,3,1.86,1.22,68.54,62.94,14.85,0
3.51,4.9,120.0,2,9.78,0.33,298.04,43.44,31.63,0
3.29,10.77,209.0,2,9.94,1.06,213.9,65.96,26.91,1
2.59,10.97,320.0,2,5.56,1.18,185.52,46.72,16.13,0
2.21,4.77,205.0,0,1.7,0.6,241.37,40.76,24.81,0
4.39,9.64,227.0,0,3.16,0.07,260.02,47.07,54.32,0
2.84,5.58,187.0,0,4.24,0.07,251.68,64.91,25.1,0
2.66,10.22,18.0,1,3.09,0.05,54.13,74.13,45.7,0
0.62,11.98,84.0,1,2.81,1.48,96.7,22.99,40.6,0
2.04,3.27,177.0,3,9.72,0.64,213.73,51.45,31.36,0
2.21,11.08,112.0,0,1.53,1.59,143.94,21.97,21.95,0
2.29,8.6,65.0,2,7.33,0.86,295.62,48.1,28.45,0
3.11,11.76,181.0,2,0.0,0.91,216.35,73.12,39.61,0
2.9,7.19,116.0,3,5.96,1.03,289.14,41.7,27.54,0
3.24,10.63,93.0,2,9.16,1.43,100.36,75.95,20.74,0
3.94,3.56,167.0,3,2.88,0.55,265.99,57.84,15.82,0
4.16,6.02,48.0,0,1.86,0.24,130.34,76.05,53.99,0
3.73,3.6,334.0,2,6.52,1.11,297.39,65.43,32.02,0
4.8,11.78,312.0,0,7.13,0.65,89.42,26.21,41.26,1
0.58,10.35,255.0,1,6.88,0.88,179.08,33.87,34.52,1
1.38,10.67,38.0,2,3.19,1.29,248.21,43.65,53.63,0
0.53,11.44,279.0,1,2.52,0.99,158.16,30.21,37.35,0
3.41,3.77,291.0,2,9.56,1.24,167.02,49.69,34.04,0
4.54,6.47,276.0,0,9.23,1.09,296.59,48.28,56.23,0
1.6,3.64,41.0,3,4.57,1.48,156.33,77.38,45.98,0
4.67,4.9,232.0,0,8.46,1.41,201.02,46.02,15.58,0
0.77,5.06,300.0,0,4.52,1.07,63.63,67.14,18.89,0
4.7,7.22,208.0,0,4.24,1.36,260.55,76.51,49.36,0
2.08,5.42,233.0,2,1.57,1.75,212.04,72.62,51.79,0
0.96,3.91,165.0,3,4.26,0.86,151.01,32.52,37.26,1
2.69,4.51,190.0,1,5.37,0.83,54.04,49.76,37.72,0
1.66,4.33,12.0,0,0.23,1.53,197.92,40.86,41.6,1
1.78,11.76,230.0,2,4.44,1.17,53.16,43.99,31.96,0
1.88,9.83,29.0,1,7.81,0.14,50.3,41.65,44.01,0
4.11,11.71,157.0,0,6.8,1.78,204.02,69.58,15.42,0
2.93,6.96,105.0,1,6.35,0.06,97.25,47.13,58.06,0
1.9,5.51,196.0,0,9.1,1.5,97.97,51.42,47.51,0
3.25,10.18,48.0,1,0.18,1.52,213.32,78.95,41.56,0
3.72,5.94,249.0,1,5.57,1.91,63.42,23.6,25.82,0
1.73,5.69,286.0,3,7.87,0.11,128.35,49.28,18.05,0
2.36,5.09,59.0,3,5.41,1.19,87.36,66.44,30.47,0
1.05,4.17,38.0,0,3.24,0.86,195.04,29.07,43.08,0
1.32,5.31,52.0,2,1.36,0.66,215.44,56.69,41.69,0
3.57,6.2,316.0,3,8.88,0.18,230.28,34.37,29.13,0
1.32,9.07,190.0,1,4.71,1.13,113.81,72.04,40.66,0
2.86,3.56,168.0,3,8.78,0.96,72.31,39.63,50.69,0
3.69,4.89,38.0,3,5.86,0.21,69.67,39.74,11.31,0
0.98,10.28,234.0,0,6.74,1.22,156.54,55.89,32.53,1
3.05,4.32,312.0,3,8.04,1.48,286.46,31.01,47.93,0
1.65,6.08,298.0,3,6.59,1.53,104.43,37.09,37.31,0
4.83,10.78,225.0,1,3.98,1.81,114.19,45.0,42.57,0
2.68,4.39,27.0,3,5.14,0.82,75.22,41.22,35.83,0
4.13,3.74,40.0,1,8.03,1.91,201.39,51.49,59.59,0
2.98,7.36,18.0,3,3.74,1.73,219.97,55.98,12.73,0
0.7,5.72,93.0,3,3.88,0.59,210.73,54.0,34.55,0
3.35,8.07,49.0,2,0.96,0.32,265.28,59.25,14.57,0
4.78,10.23,94.0,3,9.15,0.87,171.61,38.46,17.99,0
3.21,4.23,139.0,1,0.91,0.8,83.61,27.59,29.15,0
4.19,8.23,339.0,1,6.48,1.15,122.35,65.65,17.78,0
4.48,7.55,220.0,0,4.13,1.17,215.61,71.05,58.18,0
1.53,4.3,301.0,0,4.06,1.5,203.28,35.42,57.34,0
1.45,8.62,256.0,2,6.8,1.02,182.75,44.43,26.81,1
3.25,5.46,41.0,1,0.67,0.21,220.74,49.91,41.99,0
2.35,7.39,265.0,1,5.94,1.72,209.35,52.0,36.69,0
4.28,3.74,99.0,1,7.72,0.62,270.33,59.57,50.78,0
4.55,7.14,230.0,2,8.28,1.94,196.5,22.5,41.37,1
2.09,5.76,123.0,1,1.71,0.24,244.65,63.29,10.01,0
1.57,10.4,359.0,0,8.97,1.92,112.18,23.72,48.16,0
4.01,3.51,95.0,2,6.56,0.18,219.55,48.1,47.34,0
1.74,6.77,100.0,0,8.82,0.46,275.55,69.66,35.49,0
4.2,7.13,335.0,0,4.85,0.09,146.43,47.07,55.15,0
2.41,9.53,9.0,2,5.42,1.41,244.78,28.95,55.42,0
3.5,8.17,251.0,3,9.19,1.7,231.2,79.1,36.2,0
0.93,9.0,261.0,3,9.0,0.87,64.88,73.36,40.4,0
3.31,9.99,301.0,0,4.48,1.86,195.38,66.28,59.83,0
2.53,10.76,351.0,3,2.74,1.18,82.55,44.69,24.94,0
3.14,5.82,351.0,1,3.93,1.26,291.83,31.03,26.23,0
1.26,7.84,23.0,2,3.88,1.69,252.85,76.48,19.14,0
3.82,10.56,296.0,0,2.87,0.59,77.43,51.94,54.79,0
4.38,11.91,233.0,1,2.69,0.71,80.44,71.14,47.22,0
1.48,11.01,233.0,3,8.61,1.81,198.62,40.53,15.28,0
0.93,6.34,46.0,1,0.7,1.8,136.22,40.12,59.09,0
0.61,4.76,234.0,3,6.78,1.95,58.73,79.13,46.55,0
3.39,7.4,354.0,0,1.73,1.8,185.41,51.31,52.53,0
3.23,9.67,328.0,1,3.45,0.25,146.96,28.44,12.41,0
2.96,7.43,158.0,2,0.62,1.65,75.27,33.18,35.25,0
1.54,7.35,14.0,0,2.7,0.82,250.48,48.92,44.93,0
2.26,10.54,130.0,1,7.68,1.98,278.77,22.55,37.15,0
3.18,6.25,298.0,1,8.85,0.94,239.15,47.75,43.33,0
2.74,10.74,253.0,3,2.22,1.11,255.61,45.14,50.89,0
4.95,6.66,165.0,0,4.64,1.06,104.12,66.76,28.72,0
1.11,5.95,20.0,0,4.7,0.64,115.89,41.3,52.43,0
3.63,7.09,154.0,0,8.74,0.15,102.13,78.95,18.15,0
2.32,9.86,169.0,0,7.63,1.79,241.27,30.85,23.54,0
2.43,4.13,334.0,3,5.13,1.61,286.98,55.46,12.17,0
3.73,4.77,231.0,2,6.71,0.28,229.21,25.38,28.22,0
3.62,11.56,112.0,0,8.47,1.55,270.37,64.03,29.0,0
4.96,4.58,189.0,3,0.1,1.25,209.67,79.69,50.26,0
1.08,8.11,24.0,2,4.03,0.82,146.91,69.15,42.66,0
0.97,8.21,350.0,2,9.07,0.51,156.44,53.34,31.84,0
3.76,7.41,130.0,3,7.4,1.72,68.83,49.08,42.61,0
3.1,8.8,172.0,0,5.43,1.4,57.86,70.1,12.64,1
1.73,5.07,128.0,2,5.3,1.1,223.87,76.16,19.01,0
0.86,7.97,246.0,0,3.48,1.22,159.61,79.35,41.35,0
0.89,6.35,238.0,0,5.21,0.18,188.05,43.79,42.07,0
4.52,8.96,258.0,1,6.55,0.95,189.42,79.46,48.71,0
1.36,4.27,97.0,0,4.18,0.39,119.34,29.36,30.15,0
1.96,8.14,114.0,1,7.14,0.42,168.97,35.21,46.13,0
1.52,4.67,45.0,2,8.61,1.32,167.69,25.34,44.2,0
2.1,5.51,236.0,3,1.55,1.82,147.11,36.3,58.17,0
0.81,4.97,14.0,1,4.52,0.81,255.17,66.08,20.76,0
2.84,4.65,215.0,3,4.08,0.42,162.79,71.18,37.58,0
0.8,10.43,313.0,2,6.87,1.3,200.91,66.73,40.09,0
4.1,5.57,321.0,0,2.5,1.74,273.88,57.86,59.93,0
1.55,11.34,162.0,2,6.4,1.5,266.56,50.84,20.06,1
2.93,11.73,165.0,3,8.77,1.74,272.61,62.52,36.16,0
4.46,8.14,28.0,2,4.18,1.07,117.5,43.45,27.31,1
3.43,4.29,241.0,0,9.11,1.5,58.75,70.48,36.29,0
2.9,6.37,296.0,2,9.93,0.28,115.27,60.63,21.61,0
1.96,10.18,88.0,0,1.06,0.7,119.68,61.87,12.38,0
2.0,6.31,152.0,1,2.33,0.78,277.34,52.16,38.63,0
3.51,3.78,302.0,3,9.5,1.02,212.31,73.11,26.79,0
4.97,8.01,316.0,0,9.58,1.86,70.43,35.12,19.1,0
3.48,10.61,88.0,0,0.98,1.75,83.84,42.87,26.2,1
3.01,10.16,198.0,2,0.15,0.27,88.92,66.66,12.46,0
3.79,4.58,69.0,1,1.61,0.35,207.61,49.56,57.52,0
2.59,9.05,37.0,0,9.96,0.72,233.85,73.35,39.06,0
0.77,4.98,328.0,1,1.8,0.58,264.91,40.78,50.74,0
3.03,4.96,295.0,1,5.03,1.23,285.16,42.16,31.16,0
4.81,10.87,274.0,2,8.48,1.81,100.43,73.32,55.17,0
1.29,5.25,18.0,0,0.2,1.92,127.44,47.86,34.17,1
3.61,5.37,304.0,2,6.04,1.31,110.08,50.97,38.7,0
1.4,3.01,158.0,3,2.77,1.68,139.69,39.97,34.59,0
2.91,10.84,123.0,3,8.62,1.05,278.67,36.6,46.66,0
0.94,10.13,197.0,0,2.83,0.42,193.78,59.36,38.33,1
2.53,8.65,33.0,1,6.87,1.05,234.55,27.19,23.58,0
3.9,9.75,272.0,0,6.74,1.11,172.53,72.76,17.28,1
2.06,4.37,210.0,0,2.21,1.48,57.21,66.75,40.31,0
3.49,7.12,67.0,3,0.35,0.44,66.05,31.44,34.46,0
4.08,6.16,68.0,3,4.09,0.74,184.48,61.64,14.8,0
4.67,3.84,66.0,1,2.89,0.73,229.7,56.16,29.78,0
1.56,7.38,21.0,1,8.09,1.92,103.83,31.07,35.74,0
2.3,11.29,212.0,0,8.0,0.89,230.48,36.39,51.34,0
1.19,3.36,303.0,2,4.57,1.51,252.67,44.54,13.81,0
4.97,5.62,6.0,0,6.07,1.5,152.97,61.95,27.42,0
4.67,4.87,18.0,1,6.04,0.53,236.6,58.32,51.13,0
2.93,5.14,206.0,2,8.27,1.14,151.01,51.93,42.42,0
4.29,11.18,295.0,3,4.25,1.79,219.59,66.1,24.5,0
2.84,7.21,118.0,1,2.75,0.95,241.0,65.48,52.27,0
3.31,7.2,126.0,1,2.65,1.89,297.98,57.07,34.66,0
0.9,9.85,215.0,2,5.36,0.43,136.35,67.22,34.92,0
3.9,4.39,99.0,1,4.49,0.15,152.76,40.06,58.83,0
1.07,7.39,10.0,1,4.4,1.78,91.41,72.87,57.36,0
4.22,6.87,265.0,1,0.91,1.7,101.02,56.89,27.93,0
4.02,8.37,225.0,1,7.19,1.99,223.35,69.34,17.03,0
3.69,12.0,209.0,1,2.14,1.36,279.26,52.78,26.28,0
0.66,9.93,267.0,1,1.97,1.87,148.65,33.11,11.52,0
1.86,6.58,243.0,1,4.13,1.65,94.96,52.54,11.04,0
1.68,10.45,74.0,1,2.28,1.69,121.27,42.27,29.78,1
2.12,4.54,127.0,3,5.84,1.14,163.76,61.85,57.05,0
0.89,3.27,45.0,1,3.71,0.76,122.66,48.55,53.57,0
4.72,4.84,47.0,3,4.49,1.87,108.39,70.17,35.57,0
2.99,6.06,243.0,3,5.37,0.86,234.0,60.68,38.26,0
1.87,7.6,309.0,0,2.04,1.08,51.96,61.07,10.3,0
2.29,8.54,347.0,0,1.56,0.89,184.81,33.03,20.78,0
2.51,11.2,226.0,3,8.8,1.13,248.44,79.05,11.24,1
3.2,7.59,66.0,3,4.34,0.94,116.56,70.5,47.73,0
2.82,7.51,38.0,1,4.12,0.1,200.82,67.34,17.28,1
4.64,3.45,293.0,0,0.36,1.76,217.23,39.81,53.45,0
2.74,3.31,208.0,2,4.98,0.89,213.76,52.14,42.17,0
4.96,7.96,223.0,0,5.54,1.18,161.46,28.23,21.47,0
4.33,6.94,281.0,3,5.59,0.28,136.64,52.31,17.89,0
1.44,10.55,253.0,3,7.07,0.01,258.98,28.75,41.38,0
4.69,4.45,300.0,1,1.77,0.49,239.61,53.18,55.04,1
1.02,3.22,20.0,1,2.52,1.41,130.31,58.92,45.92,1
4.18,7.04,269.0,0,8.11,0.2,75.75,43.41,27.43,1
2.21,5.14,306.0,1,9.47,1.82,67.95,49.91,39.37,0
4.45,3.45,103.0,2,1.36,0.43,73.57,72.54,25.54,1
4.41,9.52,231.0,2,4.98,0.41,195.72,26.51,59.96,0
4.13,4.0,113.0,1,2.14,0.36,62.92,67.5,47.44,0
4.06,8.47,345.0,2,0.6,0.03,134.23,30.25,40.72,0
1.87,5.53,12.0,2,3.26,1.54,238.3,22.2,31.16,0
0.86,4.56,209.0,0,1.44,1.75,123.59,31.13,40.91,1
2.31,6.42,60.0,2,7.1,1.23,240.83,65.9,27.08,1
1.28,10.21,256.0,3,5.34,0.38,236.37,44.31,11.44,0
3.63,6.53,63.0,3,1.44,0.57,111.46,72.35,29.75,0
2.06,9.76,85.0,0,0.09,0.95,232.21,51.48,56.52,0
4.89,4.13,178.0,1,8.08,1.91,236.94,21.34,41.32,0
3.38,9.95,329.0,0,1.76,0.49,149.36,63.0,14.2,0
4.2,5.13,76.0,1,6.06,1.46,102.61,26.61,54.25,0
1.1,9.1,52.0,1,3.37,0.88,180.32,67.36,23.44,0
4.38,8.09,273.0,1,5.85,0.6,280.35,30.09,22.19,0
4.65,11.36,180.0,1,3.16,0.91,209.9,40.73,24.85,0
2.69,6.49,328.0,1,0.87,0.14,93.23,65.68,38.86,0
3.23,3.6,53.0,0,2.23,1.6,220.69,77.25,37.23,0
3.94,3.17,233.0,1,1.88,0.49,156.8,42.29,34.57,0
1.29,10.44,84.0,2,4.28,1.45,197.88,69.76,45.88,0
2.76,7.72,56.0,2,6.58,0.14,233.52,31.45,25.83,0
2.29,9.98,246.0,1,2.64,1.91,178.74,68.43,49.1,0
1.16,5.11,214.0,2,0.12,0.39,253.5,59.45,18.77,0
2.15,6.11,272.0,3,5.19,1.77,230.54,31.56,49.13,0
0.81,3.27,111.0,0,6.06,1.62,203.77,38.15,43.19,0
0.62,11.65,161.0,0,9.63,1.94,87.7,27.91,44.16,0
1.11,9.01,146.0,1,5.89,0.96,258.99,42.98,34.08,0
4.83,11.4,354.0,1,4.71,1.45,283.98,32.22,43.35,0
2.97,5.39,105.0,3,5.73,0.74,84.24,58.64,13.99,0
4.85,8.5,106.0,1,9.28,0.37,172.06,79.67,52.58,0
2.45,9.11,128.0,2,8.28,0.89,114.72,20.72,12.78,0
1.9,5.86,203.0,3,3.23,0.33,238.63,52.46,17.44,0
2.78,10.63,91.0,2,2.37,1.96,230.41,54.42,38.84,0
2.48,11.52,330.0,0,2.63,0.19,85.22,74.85,46.97,0
0.98,10.96,96.0,2,5.04,1.18,269.26,50.36,13.81,0
3.38,9.65,322.0,0,7.44,1.25,95.24,52.62,56.04,0
1.47,5.5,37.0,2,5.03,1.08,249.31,48.3,58.68,0
3.29,5.53,236.0,0,0.68,1.32,164.25,36.13,40.3,1
3.43,11.67,327.0,1,7.24,0.23,132.07,23.36,34.06,0
1.18,3.09,61.0,2,8.06,1.11,89.56,44.52,47.07,0
0.78,9.44,349.0,0,2.89,0.57,91.9,23.16,26.42,0
4.01,9.36,163.0,2,6.64,1.88,215.47,53.03,34.66,1
2.57,8.6,340.0,3,4.27,1.52,187.61,38.44,55.81,0
0.76,11.91,244.0,1,8.89,1.95,80.52,52.02,57.78,0
4.98,5.81,109.0,0,8.45,0.08,78.17,28.06,56.35,0
0.76,6.06,68.0,3,5.25,0.57,68.08,75.96,23.12,0
3.63,3.71,109.0,2,6.92,0.39,235.94,73.67,21.62,0
4.93,6.99,33.0,3,8.83,0.02,227.97,31.4,24.88,0
1.58,5.35,52.0,2,4.96,0.48,64.61,40.61,32.07,1
1.14,6.09,38.0,1,3.13,1.36,190.07,56.81,25.71,1
1.05,10.51,152.0,3,7.54,0.46,71.17,25.74,28.71,0
1.86,11.42,286.0,1,2.2,1.02,275.94,41.27,41.03,1
0.95,4.67,51.0,0,3.89,1.78,276.78,35.07,48.13,0
3.61,6.35,47.0,2,8.66,1.39,224.56,74.93,46.78,0
0.78,11.36,232.0,2,7.24,0.79,281.55,71.15,50.72,0
2.79,3.56,71.0,1,4.04,0.74,252.86,54.79,11.61,0
4.99,3.83,35.0,1,2.15,0.91,257.13,51.22,12.39,0
4.16,4.47,60.0,0,3.56,0.35,192.43,75.84,49.47,0
3.27,8.36,333.0,3,2.84,1.27,126.51,75.95,36.65,0
1.88,4.35,296.0,2,1.76,0.73,104.45,78.16,38.91,0
3.31,11.71,127.0,2,7.43,1.7,131.8,27.52,12.63,0
2.87,7.02,236.0,0,2.52,1.51,207.12,29.63,22.77,0
2.42,7.51,193.0,0,4.54,1.22,93.16,60.6,41.92,1
1.09,5.22,244.0,1,3.86,0.73,114.66,52.49,52.96,0
4.49,7.24,246.0,1,9.82,0.42,167.02,21.11,55.85,0
2.52,8.96,226.0,3,3.91,1.55,108.26,23.72,35.02,0
1.38,9.76,96.0,0,0.8,0.97,197.16,73.28,37.27,0
2.15,9.78,14.0,3,0.9,0.45,280.79,72.13,51.65,1
2.36,8.2,164.0,0,5.91,0.39,237.02,41.44,36.88,0
4.22,11.14,321.0,2,5.99,0.33,216.61,73.46,35.84,0
3.8,10.36,205.0,0,4.19,1.55,195.68,55.62,55.25,0
3.96,9.81,300.0,0,4.32,0.46,171.99,68.35,49.5,0
0.55,3.5,357.0,2,0.54,1.05,96.64,45.65,55.45,1
2.37,3.06,59.0,0,5.17,0.9,273.68,26.8,20.91,0
2.67,4.91,249.0,3,5.05,1.16,112.13,46.02,36.22,0
0.59,8.97,243.0,1,1.5,1.75,72.83,47.44,52.12,0
1.67,6.7,353.0,1,1.04,1.74,237.5,53.06,15.56,0
3.92,6.62,355.0,3,1.24,0.9,93.9,26.33,49.73,0
1.12,10.96,247.0,2,1.01,0.03,142.97,79.48,19.15,0
2.91,11.06,88.0,0,6.1,0.85,57.07,34.65,50.41,0
1.47,11.18,287.0,3,1.96,1.21,84.27,31.91,40.6,0
0.55,5.82,39.0,1,2.51,1.12,93.3,51.61,19.66,0
1.59,9.22,281.0,1,1.74,1.3,63.6,52.23,33.67,0
4.89,5.44,328.0,3,9.58,0.31,214.16,46.39,44.1,0
4.11,4.72,138.0,1,8.55,1.29,259.25,66.31,41.69,0
4.82,4.66,227.0,3,2.3,0.37,143.33,51.0,31.36,0
2.7,6.08,155.0,1,3.28,1.5,268.64,56.58,54.97,0
0.99,6.87,158.0,3,2.1,0.68,103.34,63.42,35.96,0
2.97,10.48,112.0,0,4.92,1.42,131.35,21.5,35.29,0
2.54,4.08,274.0,0,0.2,0.1,87.68,54.24,13.11,0
4.3,9.61,337.0,0,6.71,0.82,205.14,73.05,56.11,0
0.94,7.78,339.0,0,5.23,1.41,154.97,21.04,18.86,0
2.7,5.59,63.0,1,8.99,0.45,203.32,44.31,36.42,0
1.18,7.44,315.0,2,1.64,1.59,240.42,75.57,50.18,0
1.96,5.7,265.0,3,8.04,1.26,186.43,41.19,20.77,0
3.82,8.36,91.0,2,7.92,1.18,206.91,47.52,36.37,0
2.64,6.9,24.0,1,1.27,0.71,283.81,78.89,22.03,0
2.19,4.48,96.0,1,3.99,0.96,124.77,31.96,47.98,0
2.28,4.05,328.0,2,1.7,1.19,139.79,23.92,38.22,0
2.57,7.92,228.0,2,2.55,0.94,229.43,71.57,52.8,0
4.03,11.12,260.0,1,2.63,1.4,202.83,72.11,54.73,0
4.51,6.1,93.0,1,5.56,0.87,94.63,48.32,42.44,0
4.8,9.6,259.0,3,4.11,0.4,144.04,50.85,46.27,0
4.04,8.93,10.0,0,9.48,0.43,166.96,70.15,37.46,0
1.92,11.38,135.0,0,1.26,0.01,154.85,64.31,29.22,0
3.6,10.39,226.0,3,9.74,0.6,94.57,35.91,42.41,0
2.47,8.1,53.0,2,2.31,1.5,281.11,21.01,55.41,0
1.65,8.91,296.0,1,7.73,1.59,240.58,48.78,30.83,0
4.28,11.09,85.0,2,3.39,0.4,170.34,71.53,25.72,0
0.67,6.6,235.0,0,1.43,1.92,220.02,73.75,29.42,0
4.56,5.94,146.0,0,8.58,1.0,274.32,77.37,31.77,0
2.58,3.1,215.0,2,3.09,1.83,84.04,72.77,13.68,0
3.37,10.44,39.0,0,6.59,1.41,112.59,54.8,34.92,0
3.47,10.21,6.0,1,5.66,1.44,185.68,46.68,34.72,0
4.53,3.94,327.0,3,4.72,0.17,249.75,66.49,39.42,0
3.37,8.19,97.0,2,4.96,0.44,59.06,64.39,28.14,0
3.26,7.18,295.0,1,7.32,0.02,296.0,52.29,40.66,1
0.8,4.07,360.0,1,0.88,1.43,163.73,25.24,53.91,1
2.83,11.83,76.0,0,6.68,0.69,139.81,75.56,57.77,0
1.18,4.93,95.0,1,8.96,1.57,123.18,47.34,39.18,0
3.82,3.61,239.0,2,0.58,0.68,93.59,41.8,12.13,0
2.8,8.35,348.0,1,1.41,1.64,247.89,57.77,58.46,0
3.56,9.65,330.0,3,7.17,0.26,288.85,60.43,45.29,1
0.69,3.29,181.0,1,4.37,0.35,153.41,32.64,26.8,0
0.88,8.93,286.0,1,4.04,0.68,288.11,70.22,17.36,0
3.72,7.79,49.0,3,1.37,0.82,255.95,37.4,17.17,0
0.82,3.93,352.0,1,5.07,0.7,170.26,31.2,18.39,0
0.82,4.55,347.0,1,1.27,1.53,218.51,44.38,12.28,0
0.55,8.11,59.0,0,4.77,0.19,158.75,63.83,55.11,1
4.8,5.67,108.0,2,7.64,0.7,189.68,77.93,37.04,0
3.82,11.44,36.0,0,2.58,1.67,64.51,68.56,45.0,0
2.09,10.37,98.0,2,4.81,0.13,224.07,76.42,51.41,0
1.83,11.85,294.0,3,9.92,1.88,63.21,28.44,49.58,0
2.07,5.34,136.0,3,6.87,1.97,254.27,24.27,54.13,0
3.99,11.73,32.0,3,8.41,0.18,256.24,53.46,58.36,0
3.48,6.88,123.0,2,4.15,0.58,109.27,37.42,31.95,1
1.33,6.13,353.0,2,7.68,0.74,130.92,69.68,57.52,0
1.28,3.45,227.0,2,0.41,1.55,170.33,60.32,46.16,0
0.94,3.47,150.0,3,1.23,1.19,199.17,78.24,13.53,0
3.47,9.23,60.0,2,2.03,1.29,121.84,35.29,44.09,0
3.94,7.12,355.0,1,4.02,1.52,198.12,49.15,44.34,1
1.69,5.04,296.0,0,8.46,0.24,124.45,50.07,55.29,0
0.59,8.53,101.0,3,3.46,1.67,63.87,34.35,28.65,0
0.87,5.28,25.0,0,6.55,1.41,50.63,55.41,39.25,0
4.86,8.2,20.0,1,7.09,1.15,75.29,46.6,10.61,0
1.83,6.23,43.0,2,5.86,1.78,248.06,46.8,26.6,0
3.96,10.41,209.0,0,3.57,1.4,290.36,41.76,13.11,0
3.31,10.39,334.0,1,5.77,0.4,156.74,21.02,36.09,0
2.22,7.3,179.0,1,3.42,0.86,178.17,51.33,50.87,0
1.43,6.16,303.0,0,0.84,0.99,86.71,40.11,20.32,1
1.05,6.26,161.0,3,9.93,0.11,187.76,20.08,36.37,0
3.27,10.25,255.0,0,1.27,1.91,86.16,38.48,20.2,0
3.99,5.95,263.0,3,0.72,0.26,202.8,36.72,16.03,0
3.4,4.88,63.0,2,8.79,1.39,283.31,43.61,35.55,0
2.89,3.76,130.0,3,3.02,1.01,98.92,27.91,13.96,0
0.69,7.2,229.0,2,6.5,0.05,241.14,50.46,39.37,0
4.86,7.34,25.0,0,3.29,1.85,55.88,61.55,11.57,0
4.09,10.57,130.0,2,3.91,1.7,143.87,57.81,15.34,0
1.82,4.99,193.0,1,2.62,1.05,77.69,68.23,37.5,0
4.91,6.43,359.0,2,3.43,0.46,138.12,47.12,39.57,0
3.21,10.28,171.0,3,4.11,0.24,93.38,51.15,11.45,0
3.12,10.41,294.0,3,7.2,0.73,143.33,68.62,38.67,0
3.87,6.46,156.0,3,5.12,0.51,154.38,45.66,51.93,0
4.15,7.13,287.0,2,9.44,1.01,125.15,62.1,46.12,0
3.45,5.73,214.0,3,0.42,1.93,214.16,46.08,16.56,1
1.08,11.39,319.0,3,5.03,1.15,279.71,45.06,39.62,0
2.02,4.07,148.0,1,5.84,1.78,150.15,65.61,43.61,0
4.68,11.4,218.0,2,9.2,1.3,98.09,30.49,11.86,1
1.51,9.15,227.0,1,0.49,0.95,117.68,40.32,52.77,0
2.17,7.78,150.0,3,5.73,1.71,263.5,33.45,55.31,1
2.44,3.29,52.0,3,8.54,0.94,192.91,41.55,52.52,1
2.48,7.28,34.0,3,2.42,1.74,163.75,33.82,51.23,0
3.26,6.67,6.0,2,8.76,0.58,87.41,54.76,47.25,0
4.74,4.45,314.0,0,0.19,0.26,162.43,67.89,41.67,0
1.58,8.91,85.0,3,7.32,1.71,119.62,67.2,43.93,0
1.05,11.74,76.0,3,9.33,1.17,285.79,41.87,50.32,0
1.39,8.06,265.0,3,6.57,1.78,271.02,79.33,43.12,0
4.49,9.43,115.0,3,4.39,1.88,70.98,55.63,26.39,1
3.41,3.62,182.0,2,0.45,0.11,179.16,43.96,28.8,0
1.79,6.76,59.0,0,9.2,1.0,106.26,70.13,54.85,1
4.17,4.05,346.0,0,4.7,0.75,152.69,63.79,10.86,0
4.38,8.52,307.0,0,0.29,1.25,269.21,64.96,44.94,0
4.31,11.45,311.0,3,6.9,1.59,181.88,31.77,57.74,0
4.64,8.96,146.0,3,4.82,0.56,133.55,48.1,45.31,0
1.64,3.69,274.0,0,1.24,1.11,101.97,71.71,59.7,0
3.9,6.19,52.0,0,2.14,1.42,250.08,50.24,44.38,0
2.57,7.96,3.0,3,0.64,0.27,206.13,61.01,11.72,1
4.29,6.63,7.0,3,5.74,1.63,167.02,55.28,51.35,0
3.78,10.5,211.0,1,6.22,1.21,104.37,70.54,24.23,0
3.99,10.33,164.0,1,5.06,1.9,133.56,37.07,32.3,0
3.45,8.51,186.0,1,8.17,0.68,289.96,54.53,25.6,0
1.3,6.36,3.0,0,8.61,0.22,180.02,27.39,23.43,0
2.95,5.3,152.0,2,6.16,1.01,150.17,61.41,31.57,0
4.93,3.95,259.0,3,0.13,0.17,180.36,63.92,28.94,0
4.72,6.19,159.0,1,6.95,1.94,244.75,22.57,41.67,0
0.69,6.72,264.0,2,4.18,0.08,135.03,60.55,50.66,0
1.24,9.08,84.0,3,5.66,1.51,94.68,44.88,24.85,0
1.09,8.92,293.0,2,6.49,1.05,196.23,27.45,20.69,0
3.77,3.63,212.0,0,3.5,0.74,216.3,45.19,43.34,0
4.18,6.56,76.0,0,9.17,0.13,228.18,31.65,43.52,0
1.46,4.64,85.0,0,1.34,1.24,270.5,44.93,55.06,0
2.78,4.41,226.0,1,6.72,1.17,142.79,43.06,10.8,0
4.28,10.45,299.0,3,0.04,0.56,68.84,64.3,52.65,0
3.8,3.38,150.0,0,9.25,1.82,289.59,66.45,36.05,0
2.94,6.77,93.0,1,1.13,0.61,158.75,56.42,41.07,1
3.16,4.51,312.0,1,0.95,0.9,205.81,21.36,14.57,0
2.79,10.91,241.0,1,3.33,1.09,216.58,75.86,31.63,1
1.84,8.01,161.0,1,3.74,0.2,186.63,61.17,21.37,0
3.04,5.08,176.0,0,2.14,1.86,101.31,22.05,22.71,0
3.6,7.52,74.0,1,5.85,0.75,238.79,69.13,35.2,0
4.43,9.58,226.0,0,4.43,0.16,250.94,32.02,50.62,0
3.36,11.62,129.0,0,0.34,0.77,188.24,54.75,47.19,0
3.93,4.98,358.0,1,3.2,1.2,172.14,48.0,39.55,0
1.22,10.98,173.0,0,8.1,1.03,78.48,45.19,36.97,0
2.58,11.41,175.0,3,6.9,1.39,70.99,73.38,31.37,0
0.54,11.25,204.0,3,7.25,0.11,134.89,46.24,58.64,0
1.61,8.72,330.0,2,6.98,0.57,127.71,24.52,38.01,0
3.77,8.67,288.0,3,3.11,1.64,288.41,76.8,22.7,1
4.96,6.63,162.0,0,1.0,0.16,245.91,75.23,21.5,0
0.95,9.77,259.0,0,2.72,1.71,214.98,61.07,40.57,0
2.31,7.78,211.0,3,8.32,0.18,179.41,48.07,36.14,0
4.1,9.1,177.0,1,9.8,1.67,91.84,25.57,10.38,0
1.42,6.86,69.0,1,4.94,0.72,294.61,67.44,51.5,0
3.0,9.58,167.0,0,0.1,1.22,143.76,24.53,45.21,0
3.8,10.42,88.0,1,1.4,0.31,76.73,24.12,43.09,0
3.27,4.32,329.0,2,3.22,0.13,173.45,52.24,13.44,0
1.35,10.5,121.0,2,5.79,0.43,268.5,29.61,28.1,0
2.1,7.86,343.0,3,0.75,0.26,271.82,20.46,56.77,0
4.03,10.6,192.0,3,9.43,0.62,52.74,45.39,53.13,0
2.99,6.88,227.0,1,3.65,1.03,271.57,28.23,24.28,0
0.52,6.41,195.0,0,9.13,1.18,117.87,29.63,17.85,0
3.92,11.24,47.0,3,7.81,1.58,59.74,24.61,32.45,1
0.66,5.26,135.0,2,7.55,1.31,261.95,32.31,27.79,0
3.86,10.6,36.0,3,6.07,1.22,265.97,62.93,44.11,0
1.41,7.36,224.0,3,6.27,0.82,199.06,68.54,58.32,0
4.81,7.63,161.0,2,6.38,0.95,193.61,47.15,28.15,0
2.16,5.78,280.0,0,6.29,0.83,253.28,50.39,13.11,0
1.97,8.16,79.0,3,5.54,1.68,246.58,21.96,54.88,0
1.17,5.93,59.0,3,9.86,0.46,272.53,24.16,11.9,0
1.88,3.35,146.0,3,7.32,0.01,188.19,35.45,57.64,0
4.44,5.45,334.0,1,7.77,1.3,291.91,52.63,43.23,0
4.98,3.06,256.0,3,8.72,0.4,299.04,64.37,57.08,1
2.16,11.81,151.0,2,2.16,1.78,79.14,56.3,19.98,0
2.52,11.69,186.0,0,0.84,1.72,262.39,43.53,12.03,0
3.75,6.56,30.0,0,4.83,0.15,174.96,27.1,34.41,0
4.49,9.56,354.0,2,5.14,0.21,146.89,66.85,32.53,0
3.17,6.11,240.0,1,8.29,0.99,203.27,41.83,26.57,0
2.26,9.04,103.0,2,4.44,1.22,63.99,64.16,57.88,0
2.36,10.25,211.0,0,5.71,0.55,176.62,50.78,51.13,1
3.63,11.52,39.0,2,5.27,1.43,267.72,64.32,43.08,0
0.51,6.6,348.0,1,0.38,1.19,103.37,74.44,18.14,0
3.29,10.05,63.0,0,6.15,0.65,156.6,75.26,46.72,0
2.1,5.39,233.0,1,8.28,0.05,284.87,52.11,46.35,0
4.07,11.91,88.0,2,1.58,1.5,157.14,50.69,31.25,0
0.92,3.23,258.0,3,5.94,0.43,139.59,35.94,56.24,0
3.15,8.43,280.0,2,5.94,1.67,160.13,76.15,18.35,0
2.66,8.94,242.0,1,1.64,0.84,179.86,47.48,23.37,0
3.39,9.19,221.0,2,1.23,1.15,208.0,27.66,13.16,0
0.79,4.08,321.0,3,9.8,1.75,250.17,45.96,49.77,0
3.11,11.45,28.0,1,3.94,1.73,163.03,27.62,41.09,0
3.03,4.63,119.0,2,2.27,0.74,254.37,50.15,25.75,1
3.02,8.6,89.0,1,1.71,0.42,183.43,53.68,18.19,0
3.22,5.0,356.0,1,6.68,1.55,134.62,40.27,12.01,0
3.54,5.76,140.0,0,6.09,0.87,214.49,24.3,18.34,0
4.12,7.92,264.0,0,6.44,0.38,229.43,76.61,32.66,0
1.71,6.75,247.0,1,0.88,1.81,189.51,66.4,22.36,0
4.21,4.44,76.0,2,8.94,0.4,64.15,70.33,22.95,1
2.74,4.54,86.0,2,3.89,0.05,92.47,42.01,53.78,0
0.85,6.76,101.0,2,3.13,0.04,121.32,65.65,35.76,0
0.76,9.82,148.0,3,4.62,1.24,120.66,49.12,46.46,0
2.0,11.08,84.0,1,3.9,1.32,218.36,32.07,11.79,0
4.03,3.76,7.0,1,8.64,0.62,54.59,27.47,28.26,0
3.68,6.54,317.0,3,9.29,0.64,238.92,40.7,33.96,1
4.05,3.9,348.0,1,3.03,0.68,116.34,28.25,19.32,0
2.83,3.15,123.0,1,8.64,1.36,127.51,79.9,16.01,1
2.48,8.96,122.0,3,7.82,0.12,181.98,22.95,53.52,0
1.16,8.42,3.0,0,9.31,1.86,103.98,46.47,56.97,0
1.98,4.47,245.0,1,2.46,0.45,271.12,47.13,13.94,0
2.45,5.1,297.0,3,5.77,2.0,71.34,38.04,27.45,0
0.9,3.21,53.0,2,2.75,0.34,161.1,54.28,57.91,1
1.49,10.51,57.0,0,8.24,1.54,262.36,29.0,14.16,0
3.19,11.77,284.0,2,0.05,0.45,203.96,67.03,42.18,0
3.81,4.22,222.0,1,5.65,0.16,123.08,39.95,58.61,0
4.99,5.08,16.0,0,3.39,1.75,155.19,55.48,58.91,0
4.7,10.82,224.0,3,3.23,1.72,226.67,62.94,33.56,1
3.39,11.34,111.0,1,6.45,0.81,293.32,73.34,18.14,0
2.4,6.78,133.0,3,8.51,1.4,273.28,70.15,20.1,0
3.36,3.46,277.0,0,6.09,1.11,135.61,56.5,54.48,0
4.04,3.35,292.0,2,8.53,1.71,299.55,43.3,55.58,0
1.03,8.17,144.0,1,2.65,0.63,50.88,50.19,40.39,0
2.34,6.54,341.0,1,5.2,1.05,56.91,66.12,48.31,0
4.28,3.26,146.0,3,4.51,0.97,255.96,72.65,47.0,0
2.23,8.25,278.0,0,0.12,0.71,99.87,26.23,43.09,0
3.07,3.1,174.0,3,5.57,1.78,65.19,43.09,51.36,0
3.14,10.09,323.0,0,6.62,0.33,109.29,66.57,44.27,0
1.33,5.76,327.0,1,5.92,0.3,156.53,45.9,36.7,0
2.13,3.36,31.0,0,7.36,1.15,232.64,39.93,21.85,0
2.01,8.3,337.0,1,5.71,1.31,206.08,44.68,47.19,0
0.62,6.58,297.0,0,0.67,0.39,109.41,56.17,33.67,0
0.61,11.76,285.0,2,1.16,0.78,175.82,79.99,24.74,0
4.24,7.9,72.0,0,5.96,1.89,281.55,49.58,50.1,0
1.73,5.48,290.0,2,2.75,0.49,253.75,32.51,44.84,0
2.83,9.38,306.0,0,0.8,1.34,130.8,29.77,56.87,0
1.84,5.44,104.0,0,4.3,1.48,295.57,22.54,18.27,0
4.73,11.14,343.0,3,5.54,0.9,227.16,53.53,42.46,0
1.67,6.37,18.0,3,3.29,1.88,65.61,52.67,22.21,0
2.43,7.95,54.0,1,7.2,1.47,58.79,32.31,55.18,0
4.43,3.46,194.0,3,6.44,0.92,92.1,61.72,14.97,0
4.29,6.84,207.0,0,3.33,1.14,231.96,64.47,42.81,0
1.34,10.49,232.0,3,7.55,1.39,95.93,35.55,49.55,0
4.11,10.25,6.0,0,6.49,1.18,177.87,40.65,27.75,0
2.56,5.02,346.0,2,6.37,1.76,73.32,79.43,57.71,0
2.67,5.03,16.0,0,5.53,0.71,280.22,42.46,52.54,0
1.1,10.36,52.0,1,0.11,0.6,135.99,65.65,24.73,0
0.86,11.37,5.0,2,6.97,0.43,277.03,47.16,10.38,0
3.78,3.86,204.0,1,3.76,0.08,286.22,67.6,24.83,0
2.73,7.05,336.0,1,9.43,0.09,51.53,66.14,24.07,0
2.47,6.04,240.0,1,8.18,1.74,166.03,60.07,54.5,0
3.78,10.84,296.0,3,5.88,1.36,56.16,71.29,58.36,0
3.94,3.75,5.0,1,2.52,1.32,277.17,76.35,13.52,0
1.22,4.9,195.0,2,2.04,1.23,179.6,54.8,33.56,0
3.25,9.77,165.0,0,3.4,1.7,68.74,34.25,37.42,0
1.11,3.46,180.0,1,4.77,0.96,77.57,43.92,14.65,0
3.88,7.43,26.0,2,2.96,1.74,145.88,65.5,28.87,0
3.46,6.98,246.0,1,5.15,0.72,285.06,59.05,25.85,0
4.8,6.01,181.0,0,1.65,1.85,223.23,30.67,36.8,0
0.81,6.55,275.0,2,9.78,1.4,266.9,23.07,43.06,0
0.76,7.77,175.0,2,1.08,0.51,141.61,60.98,45.17,0
1.77,4.45,54.0,0,9.32,1.13,60.8,35.06,16.84,0
